dbms_code,СУБД,run_no,elapsed_ms
postgres,PostgreSQL,1,28.703
postgres,PostgreSQL,2,31.607
postgres,PostgreSQL,3,31.076
postgres,PostgreSQL,4,31.627
postgres,PostgreSQL,5,30.748
postgres,PostgreSQL,6,33.248
postgres,PostgreSQL,7,30.77
postgres,PostgreSQL,8,17.551
postgres,PostgreSQL,9,27.992
postgres,PostgreSQL,10,32.965
postgres,PostgreSQL,11,14.477
postgres,PostgreSQL,12,30.335
postgres,PostgreSQL,13,32.111
postgres,PostgreSQL,14,31.737
postgres,PostgreSQL,15,32.507
postgres,PostgreSQL,16,30.389
postgres,PostgreSQL,17,30.024
postgres,PostgreSQL,18,33.201
postgres,PostgreSQL,19,29.695
postgres,PostgreSQL,20,14.766
postgres,PostgreSQL,21,32.944
postgres,PostgreSQL,22,31.522
postgres,PostgreSQL,23,30.298
postgres,PostgreSQL,24,32.708
postgres,PostgreSQL,25,31.406
postgres,PostgreSQL,26,14.998
postgres,PostgreSQL,27,30.191
postgres,PostgreSQL,28,31.404
postgres,PostgreSQL,29,30.695
postgres,PostgreSQL,30,31.998
postgres,PostgreSQL,31,32.358
postgres,PostgreSQL,32,31.804
postgres,PostgreSQL,33,14.736
postgres,PostgreSQL,34,30.339
postgres,PostgreSQL,35,30.567
postgres,PostgreSQL,36,34.533
postgres,PostgreSQL,37,29.929
postgres,PostgreSQL,38,14.941
postgres,PostgreSQL,39,31.573
postgres,PostgreSQL,40,31.233
postgres,PostgreSQL,41,30.08
postgres,PostgreSQL,42,33.752
postgres,PostgreSQL,43,17.739
postgres,PostgreSQL,44,25.746
postgres,PostgreSQL,45,31.145
postgres,PostgreSQL,46,32.756
postgres,PostgreSQL,47,29.57
postgres,PostgreSQL,48,30.903
postgres,PostgreSQL,49,31.034
postgres,PostgreSQL,50,29.872
postgres,PostgreSQL,51,33.153
postgres,PostgreSQL,52,30.872
postgres,PostgreSQL,53,31.959
postgres,PostgreSQL,54,30.579
postgres,PostgreSQL,55,14.65
postgres,PostgreSQL,56,32.85
postgres,PostgreSQL,57,32.393
postgres,PostgreSQL,58,29.705
postgres,PostgreSQL,59,30.195
postgres,PostgreSQL,60,31.52
postgres,PostgreSQL,61,31.896
postgres,PostgreSQL,62,31.986
postgres,PostgreSQL,63,30.598
postgres,PostgreSQL,64,33.085
postgres,PostgreSQL,65,29.792
postgres,PostgreSQL,66,30.76
postgres,PostgreSQL,67,17.667
postgres,PostgreSQL,68,31.098
postgres,PostgreSQL,69,31.648
postgres,PostgreSQL,70,31.551
postgres,PostgreSQL,71,29.413
postgres,PostgreSQL,72,29.183
postgres,PostgreSQL,73,31.902
postgres,PostgreSQL,74,30.867
postgres,PostgreSQL,75,31.155
postgres,PostgreSQL,76,35.083
postgres,PostgreSQL,77,31.858
postgres,PostgreSQL,78,26.614
postgres,PostgreSQL,79,33.753
postgres,PostgreSQL,80,31.221
postgres,PostgreSQL,81,31.544
postgres,PostgreSQL,82,29.393
postgres,PostgreSQL,83,31.916
postgres,PostgreSQL,84,31.145
postgres,PostgreSQL,85,30.949
postgres,PostgreSQL,86,31.569
postgres,PostgreSQL,87,32.409
postgres,PostgreSQL,88,30.567
postgres,PostgreSQL,89,30.029
postgres,PostgreSQL,90,31.806
postgres,PostgreSQL,91,32.961
postgres,PostgreSQL,92,30.414
postgres,PostgreSQL,93,28.432
postgres,PostgreSQL,94,31.998
postgres,PostgreSQL,95,30.991
postgres,PostgreSQL,96,31.533
postgres,PostgreSQL,97,31.264
postgres,PostgreSQL,98,29.792
postgres,PostgreSQL,99,32.192
postgres,PostgreSQL,100,15.006
postgres,PostgreSQL,101,31.828
postgres,PostgreSQL,102,30.234
postgres,PostgreSQL,103,32.141
postgres,PostgreSQL,104,31.199
postgres,PostgreSQL,105,14.648
postgres,PostgreSQL,106,34.286
postgres,PostgreSQL,107,30.033
postgres,PostgreSQL,108,31.836
postgres,PostgreSQL,109,14.603
postgres,PostgreSQL,110,32.424
postgres,PostgreSQL,111,17.818
postgres,PostgreSQL,112,26.296
postgres,PostgreSQL,113,33.255
postgres,PostgreSQL,114,29.095
postgres,PostgreSQL,115,32.058
postgres,PostgreSQL,116,31.395
postgres,PostgreSQL,117,30.179
postgres,PostgreSQL,118,32.3
postgres,PostgreSQL,119,32.434
postgres,PostgreSQL,120,17.19
postgres,PostgreSQL,121,30.559
postgres,PostgreSQL,122,30.724
postgres,PostgreSQL,123,30.315
postgres,PostgreSQL,124,32.702
postgres,PostgreSQL,125,29.597
postgres,PostgreSQL,126,32.671
postgres,PostgreSQL,127,29.358
postgres,PostgreSQL,128,31.88
postgres,PostgreSQL,129,32.829
postgres,PostgreSQL,130,29.117
postgres,PostgreSQL,131,32.435
postgres,PostgreSQL,132,32.192
postgres,PostgreSQL,133,30.502
postgres,PostgreSQL,134,32.027
postgres,PostgreSQL,135,29.552
postgres,PostgreSQL,136,31.95
postgres,PostgreSQL,137,31.66
postgres,PostgreSQL,138,32.566
postgres,PostgreSQL,139,34.981
postgres,PostgreSQL,140,27.75
postgres,PostgreSQL,141,32.351
postgres,PostgreSQL,142,30.27
postgres,PostgreSQL,143,16.612
postgres,PostgreSQL,144,31.368
postgres,PostgreSQL,145,17.216
postgres,PostgreSQL,146,29.523
postgres,PostgreSQL,147,30.025
postgres,PostgreSQL,148,31.397
postgres,PostgreSQL,149,32.597
postgres,PostgreSQL,150,29.483
postgres,PostgreSQL,151,31.34
postgres,PostgreSQL,152,29.573
postgres,PostgreSQL,153,31.029
postgres,PostgreSQL,154,32.849
postgres,PostgreSQL,155,17.908
postgres,PostgreSQL,156,16.833
postgres,PostgreSQL,157,26.313
postgres,PostgreSQL,158,17.794
postgres,PostgreSQL,159,28.836
postgres,PostgreSQL,160,30.162
postgres,PostgreSQL,161,30.834
postgres,PostgreSQL,162,31.284
postgres,PostgreSQL,163,31.536
postgres,PostgreSQL,164,32.728
postgres,PostgreSQL,165,30.116
postgres,PostgreSQL,166,29.707
postgres,PostgreSQL,167,31.231
postgres,PostgreSQL,168,30.195
postgres,PostgreSQL,169,30.265
postgres,PostgreSQL,170,32.298
postgres,PostgreSQL,171,31.189
postgres,PostgreSQL,172,30.016
postgres,PostgreSQL,173,30.958
postgres,PostgreSQL,174,29.467
postgres,PostgreSQL,175,31.199
postgres,PostgreSQL,176,32.588
postgres,PostgreSQL,177,31.762
postgres,PostgreSQL,178,31.929
postgres,PostgreSQL,179,31.101
postgres,PostgreSQL,180,31.198
postgres,PostgreSQL,181,14.589
postgres,PostgreSQL,182,30.836
postgres,PostgreSQL,183,33.683
postgres,PostgreSQL,184,29.076
postgres,PostgreSQL,185,29.398
postgres,PostgreSQL,186,32.934
postgres,PostgreSQL,187,31.392
postgres,PostgreSQL,188,31.485
postgres,PostgreSQL,189,30.435
postgres,PostgreSQL,190,14.825
postgres,PostgreSQL,191,31.155
postgres,PostgreSQL,192,30.885
postgres,PostgreSQL,193,33.48
postgres,PostgreSQL,194,29.747
postgres,PostgreSQL,195,32.079
postgres,PostgreSQL,196,29.009
postgres,PostgreSQL,197,17.078
postgres,PostgreSQL,198,31.364
postgres,PostgreSQL,199,29.571
postgres,PostgreSQL,200,32.109
postgres,PostgreSQL,201,31.293
postgres,PostgreSQL,202,28.251
postgres,PostgreSQL,203,32.15
postgres,PostgreSQL,204,30.939
postgres,PostgreSQL,205,31.755
postgres,PostgreSQL,206,30.944
postgres,PostgreSQL,207,15.581
postgres,PostgreSQL,208,30.541
postgres,PostgreSQL,209,31.795
postgres,PostgreSQL,210,31.555
postgres,PostgreSQL,211,31.025
postgres,PostgreSQL,212,30.652
postgres,PostgreSQL,213,32.459
postgres,PostgreSQL,214,28.562
postgres,PostgreSQL,215,30.228
postgres,PostgreSQL,216,35.91
postgres,PostgreSQL,217,30.561
postgres,PostgreSQL,218,18.658
postgres,PostgreSQL,219,32.676
postgres,PostgreSQL,220,28.599
postgres,PostgreSQL,221,18.173
postgres,PostgreSQL,222,28.466
postgres,PostgreSQL,223,31.729
postgres,PostgreSQL,224,28.422
postgres,PostgreSQL,225,34.146
postgres,PostgreSQL,226,29.445
postgres,PostgreSQL,227,30.305
postgres,PostgreSQL,228,33.336
postgres,PostgreSQL,229,30.118
postgres,PostgreSQL,230,18.297
postgres,PostgreSQL,231,28.327
postgres,PostgreSQL,232,29.386
postgres,PostgreSQL,233,33.707
postgres,PostgreSQL,234,15.182
postgres,PostgreSQL,235,18.466
postgres,PostgreSQL,236,41.357
postgres,PostgreSQL,237,29.596
postgres,PostgreSQL,238,34.345
postgres,PostgreSQL,239,30.347
postgres,PostgreSQL,240,27.974
postgres,PostgreSQL,241,18.133
postgres,PostgreSQL,242,30.665
postgres,PostgreSQL,243,28.161
postgres,PostgreSQL,244,32.813
postgres,PostgreSQL,245,17.701
postgres,PostgreSQL,246,25.43
postgres,PostgreSQL,247,18.629
postgres,PostgreSQL,248,29.872
postgres,PostgreSQL,249,31.337
postgres,PostgreSQL,250,31.869
postgres,PostgreSQL,251,29.408
postgres,PostgreSQL,252,30.575
postgres,PostgreSQL,253,30.239
postgres,PostgreSQL,254,30.46
postgres,PostgreSQL,255,28.901
postgres,PostgreSQL,256,33.652
postgres,PostgreSQL,257,29.462
postgres,PostgreSQL,258,32.297
postgres,PostgreSQL,259,16.356
postgres,PostgreSQL,260,31.345
postgres,PostgreSQL,261,30.654
postgres,PostgreSQL,262,30.811
postgres,PostgreSQL,263,32.179
postgres,PostgreSQL,264,30.84
postgres,PostgreSQL,265,29.841
postgres,PostgreSQL,266,32.208
postgres,PostgreSQL,267,17.599
postgres,PostgreSQL,268,31.369
postgres,PostgreSQL,269,16.204
postgres,PostgreSQL,270,28.031
postgres,PostgreSQL,271,17.269
postgres,PostgreSQL,272,16.942
postgres,PostgreSQL,273,25.655
postgres,PostgreSQL,274,16.878
postgres,PostgreSQL,275,30.344
postgres,PostgreSQL,276,31.518
postgres,PostgreSQL,277,30.26
postgres,PostgreSQL,278,16.035
postgres,PostgreSQL,279,31.148
postgres,PostgreSQL,280,28.807
postgres,PostgreSQL,281,30.906
postgres,PostgreSQL,282,30.116
postgres,PostgreSQL,283,28.771
postgres,PostgreSQL,284,32.232
postgres,PostgreSQL,285,32.442
postgres,PostgreSQL,286,32.174
postgres,PostgreSQL,287,30.533
postgres,PostgreSQL,288,27.863
postgres,PostgreSQL,289,33.002
postgres,PostgreSQL,290,30.96
postgres,PostgreSQL,291,16.212
postgres,PostgreSQL,292,31.91
postgres,PostgreSQL,293,30.416
postgres,PostgreSQL,294,31.234
postgres,PostgreSQL,295,28.741
postgres,PostgreSQL,296,31.086
postgres,PostgreSQL,297,18.172
postgres,PostgreSQL,298,29.119
postgres,PostgreSQL,299,30.603
postgres,PostgreSQL,300,30.995
postgres,PostgreSQL,301,27.956
postgres,PostgreSQL,302,33.408
postgres,PostgreSQL,303,29.856
postgres,PostgreSQL,304,32.194
postgres,PostgreSQL,305,27.122
postgres,PostgreSQL,306,33.62
postgres,PostgreSQL,307,29.953
postgres,PostgreSQL,308,32.995
postgres,PostgreSQL,309,26.516
postgres,PostgreSQL,310,31.717
postgres,PostgreSQL,311,33.005
postgres,PostgreSQL,312,29.954
postgres,PostgreSQL,313,30.711
postgres,PostgreSQL,314,32.806
postgres,PostgreSQL,315,30.53
postgres,PostgreSQL,316,31.096
postgres,PostgreSQL,317,33.616
postgres,PostgreSQL,318,32.181
postgres,PostgreSQL,319,28.214
postgres,PostgreSQL,320,31.084
postgres,PostgreSQL,321,30.881
postgres,PostgreSQL,322,31.875
postgres,PostgreSQL,323,31.624
postgres,PostgreSQL,324,31.327
postgres,PostgreSQL,325,30.231
postgres,PostgreSQL,326,30.517
postgres,PostgreSQL,327,30.545
postgres,PostgreSQL,328,30.692
postgres,PostgreSQL,329,32.237
postgres,PostgreSQL,330,31.559
postgres,PostgreSQL,331,29.978
postgres,PostgreSQL,332,31.16
postgres,PostgreSQL,333,29.783
postgres,PostgreSQL,334,31.846
postgres,PostgreSQL,335,31.484
postgres,PostgreSQL,336,14.011
postgres,PostgreSQL,337,31.934
postgres,PostgreSQL,338,29.545
postgres,PostgreSQL,339,31.719
postgres,PostgreSQL,340,31.448
postgres,PostgreSQL,341,30.727
postgres,PostgreSQL,342,30.35
postgres,PostgreSQL,343,31.83
postgres,PostgreSQL,344,31.483
postgres,PostgreSQL,345,15.442
postgres,PostgreSQL,346,30.672
postgres,PostgreSQL,347,30.939
postgres,PostgreSQL,348,30.632
postgres,PostgreSQL,349,31.455
postgres,PostgreSQL,350,30.133
postgres,PostgreSQL,351,34.637
postgres,PostgreSQL,352,17.506
postgres,PostgreSQL,353,29.457
postgres,PostgreSQL,354,32.714
postgres,PostgreSQL,355,30.084
postgres,PostgreSQL,356,31.695
postgres,PostgreSQL,357,30.979
postgres,PostgreSQL,358,30.558
postgres,PostgreSQL,359,31.872
postgres,PostgreSQL,360,30.505
postgres,PostgreSQL,361,32.584
postgres,PostgreSQL,362,31.461
postgres,PostgreSQL,363,29.652
postgres,PostgreSQL,364,30.474
postgres,PostgreSQL,365,31.421
postgres,PostgreSQL,366,14.433
postgres,PostgreSQL,367,33.004
postgres,PostgreSQL,368,31.186
postgres,PostgreSQL,369,29.973
postgres,PostgreSQL,370,30.666
postgres,PostgreSQL,371,32.83
postgres,PostgreSQL,372,28.606
postgres,PostgreSQL,373,31.296
postgres,PostgreSQL,374,32.24
postgres,PostgreSQL,375,31.149
postgres,PostgreSQL,376,32.11
postgres,PostgreSQL,377,30.618
postgres,PostgreSQL,378,14.95
postgres,PostgreSQL,379,30.76
postgres,PostgreSQL,380,32.653
postgres,PostgreSQL,381,31.888
postgres,PostgreSQL,382,35.11
postgres,PostgreSQL,383,30.044
postgres,PostgreSQL,384,28.096
postgres,PostgreSQL,385,34.164
postgres,PostgreSQL,386,29.879
postgres,PostgreSQL,387,31.703
postgres,PostgreSQL,388,31.636
postgres,PostgreSQL,389,14.902
postgres,PostgreSQL,390,30.236
postgres,PostgreSQL,391,32.642
postgres,PostgreSQL,392,30.891
postgres,PostgreSQL,393,32.004
postgres,PostgreSQL,394,32.263
postgres,PostgreSQL,395,30.983
postgres,PostgreSQL,396,30.836
postgres,PostgreSQL,397,29.095
postgres,PostgreSQL,398,32.952
postgres,PostgreSQL,399,31.237
postgres,PostgreSQL,400,31.145
postgres,PostgreSQL,401,30.87
postgres,PostgreSQL,402,32.149
postgres,PostgreSQL,403,30.656
postgres,PostgreSQL,404,32.244
postgres,PostgreSQL,405,32.655
postgres,PostgreSQL,406,29.169
postgres,PostgreSQL,407,32.011
postgres,PostgreSQL,408,30.714
postgres,PostgreSQL,409,29.967
postgres,PostgreSQL,410,31.429
postgres,PostgreSQL,411,31.364
postgres,PostgreSQL,412,31.137
postgres,PostgreSQL,413,33.611
postgres,PostgreSQL,414,28.33
postgres,PostgreSQL,415,32.605
postgres,PostgreSQL,416,28.811
postgres,PostgreSQL,417,32.617
postgres,PostgreSQL,418,31.964
postgres,PostgreSQL,419,29.282
postgres,PostgreSQL,420,31.384
postgres,PostgreSQL,421,31.354
postgres,PostgreSQL,422,29.365
postgres,PostgreSQL,423,32.853
postgres,PostgreSQL,424,14.855
postgres,PostgreSQL,425,31.6
postgres,PostgreSQL,426,31.223
postgres,PostgreSQL,427,29.855
postgres,PostgreSQL,428,31.487
postgres,PostgreSQL,429,30.353
postgres,PostgreSQL,430,31.717
postgres,PostgreSQL,431,31.395
postgres,PostgreSQL,432,33.754
postgres,PostgreSQL,433,29.367
postgres,PostgreSQL,434,29.248
postgres,PostgreSQL,435,30.239
postgres,PostgreSQL,436,31.964
postgres,PostgreSQL,437,32.807
postgres,PostgreSQL,438,15.621
postgres,PostgreSQL,439,14.16
postgres,PostgreSQL,440,32.762
postgres,PostgreSQL,441,31.628
postgres,PostgreSQL,442,31.242
postgres,PostgreSQL,443,30.351
postgres,PostgreSQL,444,31.757
postgres,PostgreSQL,445,29.643
postgres,PostgreSQL,446,32.076
postgres,PostgreSQL,447,31.218
postgres,PostgreSQL,448,32.128
postgres,PostgreSQL,449,31.014
postgres,PostgreSQL,450,31.27
postgres,PostgreSQL,451,30.535
postgres,PostgreSQL,452,33.291
postgres,PostgreSQL,453,30.62
postgres,PostgreSQL,454,30.389
postgres,PostgreSQL,455,32.057
postgres,PostgreSQL,456,30.425
postgres,PostgreSQL,457,32.356
postgres,PostgreSQL,458,31.319
postgres,PostgreSQL,459,31.196
postgres,PostgreSQL,460,14.962
postgres,PostgreSQL,461,30.03
postgres,PostgreSQL,462,29.661
postgres,PostgreSQL,463,32.639
postgres,PostgreSQL,464,16.888
postgres,PostgreSQL,465,14.571
postgres,PostgreSQL,466,30.747
postgres,PostgreSQL,467,14.605
postgres,PostgreSQL,468,31.776
postgres,PostgreSQL,469,30.797
postgres,PostgreSQL,470,28.792
postgres,PostgreSQL,471,33.718
postgres,PostgreSQL,472,31.57
postgres,PostgreSQL,473,29.869
postgres,PostgreSQL,474,31.539
postgres,PostgreSQL,475,30.282
postgres,PostgreSQL,476,32.259
postgres,PostgreSQL,477,32.864
postgres,PostgreSQL,478,14.987
postgres,PostgreSQL,479,30.706
postgres,PostgreSQL,480,32.49
postgres,PostgreSQL,481,29.664
postgres,PostgreSQL,482,30.259
postgres,PostgreSQL,483,31.659
postgres,PostgreSQL,484,14.75
postgres,PostgreSQL,485,33.693
postgres,PostgreSQL,486,30.771
postgres,PostgreSQL,487,31.343
postgres,PostgreSQL,488,17.225
postgres,PostgreSQL,489,16.931
postgres,PostgreSQL,490,27.097
postgres,PostgreSQL,491,14.584
postgres,PostgreSQL,492,32.261
postgres,PostgreSQL,493,32.666
postgres,PostgreSQL,494,29.539
postgres,PostgreSQL,495,33.883
postgres,PostgreSQL,496,17.442
postgres,PostgreSQL,497,26.171
postgres,PostgreSQL,498,31.897
postgres,PostgreSQL,499,31.127
postgres,PostgreSQL,500,28.889
postgres,PostgreSQL,501,32.996
postgres,PostgreSQL,502,30.762
postgres,PostgreSQL,503,32.313
postgres,PostgreSQL,504,30.265
postgres,PostgreSQL,505,31.738
postgres,PostgreSQL,506,30.753
postgres,PostgreSQL,507,30.995
postgres,PostgreSQL,508,29.703
postgres,PostgreSQL,509,31.352
postgres,PostgreSQL,510,31.385
postgres,PostgreSQL,511,31.532
postgres,PostgreSQL,512,29.721
postgres,PostgreSQL,513,32.385
postgres,PostgreSQL,514,31.51
postgres,PostgreSQL,515,29.73
postgres,PostgreSQL,516,31.134
postgres,PostgreSQL,517,33.123
postgres,PostgreSQL,518,28.227
postgres,PostgreSQL,519,32.93
postgres,PostgreSQL,520,30.435
postgres,PostgreSQL,521,34.085
postgres,PostgreSQL,522,28.373
postgres,PostgreSQL,523,31.349
postgres,PostgreSQL,524,30.202
postgres,PostgreSQL,525,31.86
postgres,PostgreSQL,526,29.979
postgres,PostgreSQL,527,32.652
postgres,PostgreSQL,528,29.723
postgres,PostgreSQL,529,33.083
postgres,PostgreSQL,530,30.674
postgres,PostgreSQL,531,33.132
postgres,PostgreSQL,532,14.974
postgres,PostgreSQL,533,27.697
postgres,PostgreSQL,534,31.866
postgres,PostgreSQL,535,30.769
postgres,PostgreSQL,536,33.501
postgres,PostgreSQL,537,30.234
postgres,PostgreSQL,538,28.399
postgres,PostgreSQL,539,33.232
postgres,PostgreSQL,540,31.104
postgres,PostgreSQL,541,30.246
postgres,PostgreSQL,542,31.309
postgres,PostgreSQL,543,32.438
postgres,PostgreSQL,544,31.811
postgres,PostgreSQL,545,30.389
postgres,PostgreSQL,546,31.187
postgres,PostgreSQL,547,31.008
postgres,PostgreSQL,548,29.597
postgres,PostgreSQL,549,31.538
postgres,PostgreSQL,550,30.337
postgres,PostgreSQL,551,29.974
postgres,PostgreSQL,552,32.727
postgres,PostgreSQL,553,31.695
postgres,PostgreSQL,554,31.774
postgres,PostgreSQL,555,31.058
postgres,PostgreSQL,556,30.298
postgres,PostgreSQL,557,31.777
postgres,PostgreSQL,558,29.49
postgres,PostgreSQL,559,33.733
postgres,PostgreSQL,560,30.747
postgres,PostgreSQL,561,30.416
postgres,PostgreSQL,562,30.642
postgres,PostgreSQL,563,31.436
postgres,PostgreSQL,564,31.461
postgres,PostgreSQL,565,32.449
postgres,PostgreSQL,566,17.562
postgres,PostgreSQL,567,27.741
postgres,PostgreSQL,568,33.063
postgres,PostgreSQL,569,28.386
postgres,PostgreSQL,570,28.975
postgres,PostgreSQL,571,34.073
postgres,PostgreSQL,572,30.411
postgres,PostgreSQL,573,31.136
postgres,PostgreSQL,574,32.074
postgres,PostgreSQL,575,15.851
postgres,PostgreSQL,576,14.011
postgres,PostgreSQL,577,31.958
postgres,PostgreSQL,578,31.344
postgres,PostgreSQL,579,30.791
postgres,PostgreSQL,580,32.08
postgres,PostgreSQL,581,32.689
postgres,PostgreSQL,582,30.276
postgres,PostgreSQL,583,32.974
postgres,PostgreSQL,584,28.618
postgres,PostgreSQL,585,30.983
postgres,PostgreSQL,586,32.412
postgres,PostgreSQL,587,30.436
postgres,PostgreSQL,588,32.688
postgres,PostgreSQL,589,29.855
postgres,PostgreSQL,590,29.062
postgres,PostgreSQL,591,32.266
postgres,PostgreSQL,592,33.352
postgres,PostgreSQL,593,30.697
postgres,PostgreSQL,594,31.719
postgres,PostgreSQL,595,33.021
postgres,PostgreSQL,596,29.79
postgres,PostgreSQL,597,29.795
postgres,PostgreSQL,598,31.485
postgres,PostgreSQL,599,31.1
postgres,PostgreSQL,600,30.664
postgres,PostgreSQL,601,30.592
postgres,PostgreSQL,602,14.486
postgres,PostgreSQL,603,32.589
postgres,PostgreSQL,604,30.561
postgres,PostgreSQL,605,30.752
postgres,PostgreSQL,606,32.107
postgres,PostgreSQL,607,30.204
postgres,PostgreSQL,608,31.405
postgres,PostgreSQL,609,30.747
postgres,PostgreSQL,610,31.884
postgres,PostgreSQL,611,31.256
postgres,PostgreSQL,612,32.196
postgres,PostgreSQL,613,29.942
postgres,PostgreSQL,614,30.979
postgres,PostgreSQL,615,30.505
postgres,PostgreSQL,616,32.315
postgres,PostgreSQL,617,32.583
postgres,PostgreSQL,618,30.706
postgres,PostgreSQL,619,30.866
postgres,PostgreSQL,620,31.099
postgres,PostgreSQL,621,31.758
postgres,PostgreSQL,622,32.591
postgres,PostgreSQL,623,27.965
postgres,PostgreSQL,624,16.251
postgres,PostgreSQL,625,33.464
postgres,PostgreSQL,626,29.877
postgres,PostgreSQL,627,31.523
postgres,PostgreSQL,628,32.606
postgres,PostgreSQL,629,30.236
postgres,PostgreSQL,630,31.05
postgres,PostgreSQL,631,34.22
postgres,PostgreSQL,632,28.353
postgres,PostgreSQL,633,30.134
postgres,PostgreSQL,634,33.348
postgres,PostgreSQL,635,32.062
postgres,PostgreSQL,636,31.982
postgres,PostgreSQL,637,29.479
postgres,PostgreSQL,638,14.494
postgres,PostgreSQL,639,31.948
postgres,PostgreSQL,640,32.154
postgres,PostgreSQL,641,32.578
postgres,PostgreSQL,642,29.35
postgres,PostgreSQL,643,31.807
postgres,PostgreSQL,644,29.596
postgres,PostgreSQL,645,30.797
postgres,PostgreSQL,646,30.195
postgres,PostgreSQL,647,32.266
postgres,PostgreSQL,648,32.597
postgres,PostgreSQL,649,30.096
postgres,PostgreSQL,650,32.164
postgres,PostgreSQL,651,29.391
postgres,PostgreSQL,652,31.164
postgres,PostgreSQL,653,32.881
postgres,PostgreSQL,654,31.919
postgres,PostgreSQL,655,30.241
postgres,PostgreSQL,656,29.689
postgres,PostgreSQL,657,30.079
postgres,PostgreSQL,658,30.298
postgres,PostgreSQL,659,31.828
postgres,PostgreSQL,660,32.014
postgres,PostgreSQL,661,31.274
postgres,PostgreSQL,662,31.24
postgres,PostgreSQL,663,29.899
postgres,PostgreSQL,664,29.688
postgres,PostgreSQL,665,30.615
postgres,PostgreSQL,666,32.989
postgres,PostgreSQL,667,29.979
postgres,PostgreSQL,668,33.669
postgres,PostgreSQL,669,32.063
postgres,PostgreSQL,670,31.052
postgres,PostgreSQL,671,31.834
postgres,PostgreSQL,672,30.288
postgres,PostgreSQL,673,30.997
postgres,PostgreSQL,674,30.982
postgres,PostgreSQL,675,30.787
postgres,PostgreSQL,676,32.075
postgres,PostgreSQL,677,31.486
postgres,PostgreSQL,678,33.526
postgres,PostgreSQL,679,30.165
postgres,PostgreSQL,680,33.474
postgres,PostgreSQL,681,29.105
postgres,PostgreSQL,682,31.547
postgres,PostgreSQL,683,32.99
postgres,PostgreSQL,684,18.199
postgres,PostgreSQL,685,26.964
postgres,PostgreSQL,686,32.339
postgres,PostgreSQL,687,30.407
postgres,PostgreSQL,688,32.221
postgres,PostgreSQL,689,30.052
postgres,PostgreSQL,690,34.341
postgres,PostgreSQL,691,17.565
postgres,PostgreSQL,692,27.877
postgres,PostgreSQL,693,32.487
postgres,PostgreSQL,694,30.482
postgres,PostgreSQL,695,32.541
postgres,PostgreSQL,696,32.226
postgres,PostgreSQL,697,31.55
postgres,PostgreSQL,698,31.273
postgres,PostgreSQL,699,32.426
postgres,PostgreSQL,700,29.926
postgres,PostgreSQL,701,30.303
postgres,PostgreSQL,702,32.236
postgres,PostgreSQL,703,16.062
postgres,PostgreSQL,704,30.785
postgres,PostgreSQL,705,31.408
postgres,PostgreSQL,706,32.176
postgres,PostgreSQL,707,29.672
postgres,PostgreSQL,708,31.101
postgres,PostgreSQL,709,15.917
postgres,PostgreSQL,710,31.922
postgres,PostgreSQL,711,32.902
postgres,PostgreSQL,712,30.559
postgres,PostgreSQL,713,31.135
postgres,PostgreSQL,714,33.442
postgres,PostgreSQL,715,29.393
postgres,PostgreSQL,716,31.783
postgres,PostgreSQL,717,30.629
postgres,PostgreSQL,718,31.308
postgres,PostgreSQL,719,33.087
postgres,PostgreSQL,720,32.803
postgres,PostgreSQL,721,29.98
postgres,PostgreSQL,722,30.33
postgres,PostgreSQL,723,32.022
postgres,PostgreSQL,724,31.857
postgres,PostgreSQL,725,31.022
postgres,PostgreSQL,726,30.28
postgres,PostgreSQL,727,14.696
postgres,PostgreSQL,728,32.986
postgres,PostgreSQL,729,29.921
postgres,PostgreSQL,730,31.973
postgres,PostgreSQL,731,30.145
postgres,PostgreSQL,732,32.418
postgres,PostgreSQL,733,29.621
postgres,PostgreSQL,734,32.05
postgres,PostgreSQL,735,29.564
postgres,PostgreSQL,736,31.545
postgres,PostgreSQL,737,30.821
postgres,PostgreSQL,738,31.681
postgres,PostgreSQL,739,32.248
postgres,PostgreSQL,740,30.162
postgres,PostgreSQL,741,15.021
postgres,PostgreSQL,742,16.309
postgres,PostgreSQL,743,30.417
postgres,PostgreSQL,744,33.373
postgres,PostgreSQL,745,29.139
postgres,PostgreSQL,746,30.739
postgres,PostgreSQL,747,31.642
postgres,PostgreSQL,748,32.165
postgres,PostgreSQL,749,29.028
postgres,PostgreSQL,750,31.026
postgres,PostgreSQL,751,14.057
postgres,PostgreSQL,752,32.434
postgres,PostgreSQL,753,31.013
postgres,PostgreSQL,754,31.973
postgres,PostgreSQL,755,31.069
postgres,PostgreSQL,756,29.7
postgres,PostgreSQL,757,33.048
postgres,PostgreSQL,758,28.125
postgres,PostgreSQL,759,33.45
postgres,PostgreSQL,760,28.459
postgres,PostgreSQL,761,15.322
postgres,PostgreSQL,762,34.261
postgres,PostgreSQL,763,29.861
postgres,PostgreSQL,764,31.388
postgres,PostgreSQL,765,15.019
postgres,PostgreSQL,766,32.035
postgres,PostgreSQL,767,32.139
postgres,PostgreSQL,768,17.776
postgres,PostgreSQL,769,27.146
postgres,PostgreSQL,770,31.821
postgres,PostgreSQL,771,30.375
postgres,PostgreSQL,772,31.939
postgres,PostgreSQL,773,30.682
postgres,PostgreSQL,774,31.899
postgres,PostgreSQL,775,31.1
postgres,PostgreSQL,776,16.026
postgres,PostgreSQL,777,29.768
postgres,PostgreSQL,778,15.068
postgres,PostgreSQL,779,31.811
postgres,PostgreSQL,780,32.569
postgres,PostgreSQL,781,29.876
postgres,PostgreSQL,782,32.111
postgres,PostgreSQL,783,29.938
postgres,PostgreSQL,784,30.555
postgres,PostgreSQL,785,31.183
postgres,PostgreSQL,786,33.104
postgres,PostgreSQL,787,29.205
postgres,PostgreSQL,788,15.229
postgres,PostgreSQL,789,32.112
postgres,PostgreSQL,790,32.199
postgres,PostgreSQL,791,31.706
postgres,PostgreSQL,792,31.452
postgres,PostgreSQL,793,30.199
postgres,PostgreSQL,794,30.51
postgres,PostgreSQL,795,29.865
postgres,PostgreSQL,796,31.239
postgres,PostgreSQL,797,33.07
postgres,PostgreSQL,798,30.767
postgres,PostgreSQL,799,28.844
postgres,PostgreSQL,800,30.932
postgres,PostgreSQL,801,34.329
postgres,PostgreSQL,802,14.528
postgres,PostgreSQL,803,30.053
postgres,PostgreSQL,804,30.982
postgres,PostgreSQL,805,33.131
postgres,PostgreSQL,806,30.717
postgres,PostgreSQL,807,32.653
postgres,PostgreSQL,808,31.373
postgres,PostgreSQL,809,30.074
postgres,PostgreSQL,810,31.416
postgres,PostgreSQL,811,32.812
postgres,PostgreSQL,812,15.304
postgres,PostgreSQL,813,16.952
postgres,PostgreSQL,814,28.201
postgres,PostgreSQL,815,31.561
postgres,PostgreSQL,816,31.223
postgres,PostgreSQL,817,31.763
postgres,PostgreSQL,818,31.712
postgres,PostgreSQL,819,30.537
postgres,PostgreSQL,820,16.328
postgres,PostgreSQL,821,29.975
postgres,PostgreSQL,822,32.193
postgres,PostgreSQL,823,29.567
postgres,PostgreSQL,824,34.206
postgres,PostgreSQL,825,17.484
postgres,PostgreSQL,826,28.315
postgres,PostgreSQL,827,30.043
postgres,PostgreSQL,828,34.853
postgres,PostgreSQL,829,28.344
postgres,PostgreSQL,830,17.158
postgres,PostgreSQL,831,17.529
postgres,PostgreSQL,832,26.089
postgres,PostgreSQL,833,30.418
postgres,PostgreSQL,834,30.961
postgres,PostgreSQL,835,28.413
postgres,PostgreSQL,836,33.292
postgres,PostgreSQL,837,17.722
postgres,PostgreSQL,838,30.534
postgres,PostgreSQL,839,16.255
postgres,PostgreSQL,840,29.758
postgres,PostgreSQL,841,32.826
postgres,PostgreSQL,842,29.924
postgres,PostgreSQL,843,29.709
postgres,PostgreSQL,844,33.351
postgres,PostgreSQL,845,29.178
postgres,PostgreSQL,846,31.601
postgres,PostgreSQL,847,31.271
postgres,PostgreSQL,848,16.308
postgres,PostgreSQL,849,15.14
postgres,PostgreSQL,850,30.27
postgres,PostgreSQL,851,31.986
postgres,PostgreSQL,852,31.107
postgres,PostgreSQL,853,30.329
postgres,PostgreSQL,854,32.558
postgres,PostgreSQL,855,30.6
postgres,PostgreSQL,856,31.64
postgres,PostgreSQL,857,30.031
postgres,PostgreSQL,858,32.851
postgres,PostgreSQL,859,31.864
postgres,PostgreSQL,860,31.393
postgres,PostgreSQL,861,32.087
postgres,PostgreSQL,862,31.111
postgres,PostgreSQL,863,31.335
postgres,PostgreSQL,864,30.395
postgres,PostgreSQL,865,31.285
postgres,PostgreSQL,866,14.721
postgres,PostgreSQL,867,34.335
postgres,PostgreSQL,868,31.745
postgres,PostgreSQL,869,31.752
postgres,PostgreSQL,870,31.81
postgres,PostgreSQL,871,30.739
postgres,PostgreSQL,872,30.888
postgres,PostgreSQL,873,30.353
postgres,PostgreSQL,874,29.513
postgres,PostgreSQL,875,16.416
postgres,PostgreSQL,876,31.206
postgres,PostgreSQL,877,31.07
postgres,PostgreSQL,878,30.979
postgres,PostgreSQL,879,31.751
postgres,PostgreSQL,880,31.572
postgres,PostgreSQL,881,32.102
postgres,PostgreSQL,882,31.947
postgres,PostgreSQL,883,31.131
postgres,PostgreSQL,884,32.168
postgres,PostgreSQL,885,29.491
postgres,PostgreSQL,886,29.919
postgres,PostgreSQL,887,31.069
postgres,PostgreSQL,888,31.921
postgres,PostgreSQL,889,31.905
postgres,PostgreSQL,890,32.787
postgres,PostgreSQL,891,30.641
postgres,PostgreSQL,892,32.205
postgres,PostgreSQL,893,31.483
postgres,PostgreSQL,894,30.008
postgres,PostgreSQL,895,31.187
postgres,PostgreSQL,896,32.735
postgres,PostgreSQL,897,32.13
postgres,PostgreSQL,898,31.704
postgres,PostgreSQL,899,30.281
postgres,PostgreSQL,900,33.25
postgres,PostgreSQL,901,30.005
postgres,PostgreSQL,902,31.129
postgres,PostgreSQL,903,34.373
postgres,PostgreSQL,904,28.02
postgres,PostgreSQL,905,32.584
postgres,PostgreSQL,906,29.925
postgres,PostgreSQL,907,30.919
postgres,PostgreSQL,908,29.576
postgres,PostgreSQL,909,15.429
postgres,PostgreSQL,910,32.34
postgres,PostgreSQL,911,33.431
postgres,PostgreSQL,912,31.866
postgres,PostgreSQL,913,30.558
postgres,PostgreSQL,914,30.392
postgres,PostgreSQL,915,28.764
postgres,PostgreSQL,916,34.086
postgres,PostgreSQL,917,29.321
postgres,PostgreSQL,918,33.524
postgres,PostgreSQL,919,30.521
postgres,PostgreSQL,920,29.52
postgres,PostgreSQL,921,32.188
postgres,PostgreSQL,922,31.475
postgres,PostgreSQL,923,32.071
postgres,PostgreSQL,924,31.385
postgres,PostgreSQL,925,30.381
postgres,PostgreSQL,926,32.405
postgres,PostgreSQL,927,17.729
postgres,PostgreSQL,928,28.611
postgres,PostgreSQL,929,31.21
postgres,PostgreSQL,930,30.062
postgres,PostgreSQL,931,32.317
postgres,PostgreSQL,932,30.444
postgres,PostgreSQL,933,32.25
postgres,PostgreSQL,934,34.27
postgres,PostgreSQL,935,30.612
postgres,PostgreSQL,936,30.824
postgres,PostgreSQL,937,30.217
postgres,PostgreSQL,938,33.09
postgres,PostgreSQL,939,29.863
postgres,PostgreSQL,940,29.328
postgres,PostgreSQL,941,33.53
postgres,PostgreSQL,942,29.831
postgres,PostgreSQL,943,29.556
postgres,PostgreSQL,944,31.672
postgres,PostgreSQL,945,29.848
postgres,PostgreSQL,946,31.26
postgres,PostgreSQL,947,31.287
postgres,PostgreSQL,948,31.92
postgres,PostgreSQL,949,30.522
postgres,PostgreSQL,950,29.315
postgres,PostgreSQL,951,31.64
postgres,PostgreSQL,952,32.416
postgres,PostgreSQL,953,31.578
postgres,PostgreSQL,954,31.232
postgres,PostgreSQL,955,30.693
postgres,PostgreSQL,956,30.739
postgres,PostgreSQL,957,31.799
postgres,PostgreSQL,958,32.489
postgres,PostgreSQL,959,31.468
postgres,PostgreSQL,960,17.133
postgres,PostgreSQL,961,26.634
postgres,PostgreSQL,962,34.238
postgres,PostgreSQL,963,30.512
postgres,PostgreSQL,964,17.388
postgres,PostgreSQL,965,31.97
postgres,PostgreSQL,966,27.799
postgres,PostgreSQL,967,29.445
postgres,PostgreSQL,968,17.751
postgres,PostgreSQL,969,21.409
postgres,PostgreSQL,970,17.17
postgres,PostgreSQL,971,34.144
postgres,PostgreSQL,972,13.861
postgres,PostgreSQL,973,32.659
postgres,PostgreSQL,974,31.363
postgres,PostgreSQL,975,31.969
postgres,PostgreSQL,976,31.852
postgres,PostgreSQL,977,31.258
postgres,PostgreSQL,978,32.526
postgres,PostgreSQL,979,30.586
postgres,PostgreSQL,980,13.292
postgres,PostgreSQL,981,16.433
postgres,PostgreSQL,982,32.705
postgres,PostgreSQL,983,30.967
postgres,PostgreSQL,984,32.662
postgres,PostgreSQL,985,32.404
postgres,PostgreSQL,986,31.275
postgres,PostgreSQL,987,30.451
postgres,PostgreSQL,988,32.358
postgres,PostgreSQL,989,31.058
postgres,PostgreSQL,990,16.019
postgres,PostgreSQL,991,29.794
postgres,PostgreSQL,992,29.7
postgres,PostgreSQL,993,32.477
postgres,PostgreSQL,994,31.987
postgres,PostgreSQL,995,32.519
postgres,PostgreSQL,996,17.495
postgres,PostgreSQL,997,29.163
postgres,PostgreSQL,998,32.706
postgres,PostgreSQL,999,28.194
postgres,PostgreSQL,1000,31.646
mysql,MySQL,1,5.959
mysql,MySQL,2,6.153
mysql,MySQL,3,14.795
mysql,MySQL,4,15.132
mysql,MySQL,5,14.824
mysql,MySQL,6,15.269
mysql,MySQL,7,15.72
mysql,MySQL,8,14.535
mysql,MySQL,9,16.609
mysql,MySQL,10,5.244
mysql,MySQL,11,25.093
mysql,MySQL,12,15.056
mysql,MySQL,13,15.214
mysql,MySQL,14,15.307
mysql,MySQL,15,15.303
mysql,MySQL,16,15.733
mysql,MySQL,17,15.355
mysql,MySQL,18,15.523
mysql,MySQL,19,15.629
mysql,MySQL,20,16.303
mysql,MySQL,21,14.704
mysql,MySQL,22,15.799
mysql,MySQL,23,15.936
mysql,MySQL,24,14.824
mysql,MySQL,25,15.844
mysql,MySQL,26,4.771
mysql,MySQL,27,26.274
mysql,MySQL,28,16.128
mysql,MySQL,29,19.07
mysql,MySQL,30,26.719
mysql,MySQL,31,16.329
mysql,MySQL,32,15.352
mysql,MySQL,33,15.605
mysql,MySQL,34,15.712
mysql,MySQL,35,4.922
mysql,MySQL,36,26.996
mysql,MySQL,37,14.615
mysql,MySQL,38,14.962
mysql,MySQL,39,15.868
mysql,MySQL,40,15.459
mysql,MySQL,41,15.588
mysql,MySQL,42,14.716
mysql,MySQL,43,15.328
mysql,MySQL,44,16.194
mysql,MySQL,45,4.71
mysql,MySQL,46,26.333
mysql,MySQL,47,15.951
mysql,MySQL,48,15.856
mysql,MySQL,49,15.278
mysql,MySQL,50,15.827
mysql,MySQL,51,15.405
mysql,MySQL,52,16.075
mysql,MySQL,53,15.154
mysql,MySQL,54,15.804
mysql,MySQL,55,4.967
mysql,MySQL,56,25.584
mysql,MySQL,57,15.665
mysql,MySQL,58,15.349
mysql,MySQL,59,14.881
mysql,MySQL,60,15.067
mysql,MySQL,61,5.503
mysql,MySQL,62,25.839
mysql,MySQL,63,15.188
mysql,MySQL,64,15.83
mysql,MySQL,65,14.815
mysql,MySQL,66,16.323
mysql,MySQL,67,14.566
mysql,MySQL,68,15.572
mysql,MySQL,69,16.484
mysql,MySQL,70,14.057
mysql,MySQL,71,15.212
mysql,MySQL,72,15.296
mysql,MySQL,73,15.218
mysql,MySQL,74,15.921
mysql,MySQL,75,4.358
mysql,MySQL,76,27.347
mysql,MySQL,77,15.755
mysql,MySQL,78,15.267
mysql,MySQL,79,15.66
mysql,MySQL,80,15.202
mysql,MySQL,81,15.536
mysql,MySQL,82,15.971
mysql,MySQL,83,16.33
mysql,MySQL,84,5.494
mysql,MySQL,85,25.848
mysql,MySQL,86,14.799
mysql,MySQL,87,15.105
mysql,MySQL,88,15.971
mysql,MySQL,89,15.097
mysql,MySQL,90,15.706
mysql,MySQL,91,15.822
mysql,MySQL,92,15.11
mysql,MySQL,93,15.86
mysql,MySQL,94,14.099
mysql,MySQL,95,15.11
mysql,MySQL,96,15.498
mysql,MySQL,97,16.102
mysql,MySQL,98,16.758
mysql,MySQL,99,15.031
mysql,MySQL,100,15.286
mysql,MySQL,101,15.709
mysql,MySQL,102,15.285
mysql,MySQL,103,16.661
mysql,MySQL,104,15.088
mysql,MySQL,105,14.74
mysql,MySQL,106,16.729
mysql,MySQL,107,14.64
mysql,MySQL,108,15.385
mysql,MySQL,109,15.467
mysql,MySQL,110,15.818
mysql,MySQL,111,14.875
mysql,MySQL,112,14.72
mysql,MySQL,113,15.067
mysql,MySQL,114,15.414
mysql,MySQL,115,15.406
mysql,MySQL,116,16.15
mysql,MySQL,117,16.176
mysql,MySQL,118,15.932
mysql,MySQL,119,16.43
mysql,MySQL,120,15.297
mysql,MySQL,121,14.887
mysql,MySQL,122,16.043
mysql,MySQL,123,15.276
mysql,MySQL,124,14.747
mysql,MySQL,125,15.431
mysql,MySQL,126,15.222
mysql,MySQL,127,16.208
mysql,MySQL,128,14.289
mysql,MySQL,129,15.294
mysql,MySQL,130,15.292
mysql,MySQL,131,6.385
mysql,MySQL,132,25.417
mysql,MySQL,133,15.239
mysql,MySQL,134,15.595
mysql,MySQL,135,14.625
mysql,MySQL,136,15.614
mysql,MySQL,137,16.175
mysql,MySQL,138,15.374
mysql,MySQL,139,15.239
mysql,MySQL,140,15.54
mysql,MySQL,141,15.823
mysql,MySQL,142,15.154
mysql,MySQL,143,16.074
mysql,MySQL,144,15.333
mysql,MySQL,145,15.478
mysql,MySQL,146,14.253
mysql,MySQL,147,15.895
mysql,MySQL,148,15.866
mysql,MySQL,149,5.034
mysql,MySQL,150,26.062
mysql,MySQL,151,14.196
mysql,MySQL,152,16.217
mysql,MySQL,153,15.961
mysql,MySQL,154,16.201
mysql,MySQL,155,15.122
mysql,MySQL,156,15.422
mysql,MySQL,157,5.027
mysql,MySQL,158,25.876
mysql,MySQL,159,15.583
mysql,MySQL,160,15.463
mysql,MySQL,161,16.08
mysql,MySQL,162,14.587
mysql,MySQL,163,5.187
mysql,MySQL,164,26.092
mysql,MySQL,165,15.143
mysql,MySQL,166,15.518
mysql,MySQL,167,16.151
mysql,MySQL,168,15.796
mysql,MySQL,169,15.014
mysql,MySQL,170,15.569
mysql,MySQL,171,15.345
mysql,MySQL,172,15.017
mysql,MySQL,173,15.676
mysql,MySQL,174,15.649
mysql,MySQL,175,15.015
mysql,MySQL,176,15.611
mysql,MySQL,177,15.646
mysql,MySQL,178,15.251
mysql,MySQL,179,14.436
mysql,MySQL,180,15.203
mysql,MySQL,181,15.482
mysql,MySQL,182,15.08
mysql,MySQL,183,16.042
mysql,MySQL,184,15.721
mysql,MySQL,185,15.349
mysql,MySQL,186,16.306
mysql,MySQL,187,14.702
mysql,MySQL,188,15.181
mysql,MySQL,189,15.741
mysql,MySQL,190,15.536
mysql,MySQL,191,15.648
mysql,MySQL,192,15.165
mysql,MySQL,193,15.259
mysql,MySQL,194,15.514
mysql,MySQL,195,16.066
mysql,MySQL,196,14.837
mysql,MySQL,197,15.946
mysql,MySQL,198,4.754
mysql,MySQL,199,26.139
mysql,MySQL,200,16.396
mysql,MySQL,201,4.743
mysql,MySQL,202,24.988
mysql,MySQL,203,15.902
mysql,MySQL,204,15.156
mysql,MySQL,205,15.515
mysql,MySQL,206,15.351
mysql,MySQL,207,15.333
mysql,MySQL,208,14.921
mysql,MySQL,209,16.386
mysql,MySQL,210,14.288
mysql,MySQL,211,15.942
mysql,MySQL,212,5.374
mysql,MySQL,213,5.644
mysql,MySQL,214,19.8
mysql,MySQL,215,15.165
mysql,MySQL,216,14.535
mysql,MySQL,217,15.209
mysql,MySQL,218,15.579
mysql,MySQL,219,15.117
mysql,MySQL,220,15.673
mysql,MySQL,221,14.242
mysql,MySQL,222,15.176
mysql,MySQL,223,15.688
mysql,MySQL,224,14.797
mysql,MySQL,225,15.248
mysql,MySQL,226,15.324
mysql,MySQL,227,15.474
mysql,MySQL,228,4.763
mysql,MySQL,229,25.158
mysql,MySQL,230,16.361
mysql,MySQL,231,15.628
mysql,MySQL,232,14.992
mysql,MySQL,233,15.278
mysql,MySQL,234,15.824
mysql,MySQL,235,14.544
mysql,MySQL,236,16.513
mysql,MySQL,237,14.689
mysql,MySQL,238,5.146
mysql,MySQL,239,26.046
mysql,MySQL,240,14.208
mysql,MySQL,241,15.95
mysql,MySQL,242,14.975
mysql,MySQL,243,15.341
mysql,MySQL,244,14.92
mysql,MySQL,245,15.555
mysql,MySQL,246,15.622
mysql,MySQL,247,14.685
mysql,MySQL,248,15.929
mysql,MySQL,249,16.043
mysql,MySQL,250,5.016
mysql,MySQL,251,25.804
mysql,MySQL,252,15.315
mysql,MySQL,253,5.247
mysql,MySQL,254,25.225
mysql,MySQL,255,15.606
mysql,MySQL,256,15.232
mysql,MySQL,257,15.81
mysql,MySQL,258,15.933
mysql,MySQL,259,15.805
mysql,MySQL,260,15.378
mysql,MySQL,261,15.718
mysql,MySQL,262,15.023
mysql,MySQL,263,16.331
mysql,MySQL,264,5.447
mysql,MySQL,265,23.73
mysql,MySQL,266,15.524
mysql,MySQL,267,15.671
mysql,MySQL,268,14.881
mysql,MySQL,269,15.359
mysql,MySQL,270,15.604
mysql,MySQL,271,16.089
mysql,MySQL,272,15.153
mysql,MySQL,273,15.192
mysql,MySQL,274,15.162
mysql,MySQL,275,15.8
mysql,MySQL,276,15.938
mysql,MySQL,277,15.672
mysql,MySQL,278,15.254
mysql,MySQL,279,14.835
mysql,MySQL,280,4.604
mysql,MySQL,281,26.304
mysql,MySQL,282,15.332
mysql,MySQL,283,16.464
mysql,MySQL,284,14.715
mysql,MySQL,285,14.205
mysql,MySQL,286,5.035
mysql,MySQL,287,26.293
mysql,MySQL,288,15.217
mysql,MySQL,289,15.336
mysql,MySQL,290,15.918
mysql,MySQL,291,14.249
mysql,MySQL,292,4.582
mysql,MySQL,293,26.576
mysql,MySQL,294,14.561
mysql,MySQL,295,15.054
mysql,MySQL,296,16.366
mysql,MySQL,297,15.936
mysql,MySQL,298,14.908
mysql,MySQL,299,15.692
mysql,MySQL,300,15.425
mysql,MySQL,301,15.483
mysql,MySQL,302,14.896
mysql,MySQL,303,16.526
mysql,MySQL,304,15.106
mysql,MySQL,305,15.208
mysql,MySQL,306,15.418
mysql,MySQL,307,15.098
mysql,MySQL,308,16.923
mysql,MySQL,309,15.283
mysql,MySQL,310,15.372
mysql,MySQL,311,15.272
mysql,MySQL,312,15.465
mysql,MySQL,313,15.656
mysql,MySQL,314,16.141
mysql,MySQL,315,16.052
mysql,MySQL,316,15.281
mysql,MySQL,317,15.093
mysql,MySQL,318,15.878
mysql,MySQL,319,14.674
mysql,MySQL,320,16.581
mysql,MySQL,321,16.26
mysql,MySQL,322,16.434
mysql,MySQL,323,15.795
mysql,MySQL,324,14.611
mysql,MySQL,325,15.804
mysql,MySQL,326,5.427
mysql,MySQL,327,25.407
mysql,MySQL,328,15.357
mysql,MySQL,329,15.372
mysql,MySQL,330,15.519
mysql,MySQL,331,15.262
mysql,MySQL,332,15.332
mysql,MySQL,333,15.015
mysql,MySQL,334,15.53
mysql,MySQL,335,4.904
mysql,MySQL,336,25.753
mysql,MySQL,337,15.486
mysql,MySQL,338,15.342
mysql,MySQL,339,14.891
mysql,MySQL,340,15.711
mysql,MySQL,341,15.304
mysql,MySQL,342,15.708
mysql,MySQL,343,16.27
mysql,MySQL,344,15.341
mysql,MySQL,345,14.891
mysql,MySQL,346,15.803
mysql,MySQL,347,15.086
mysql,MySQL,348,5.794
mysql,MySQL,349,23.587
mysql,MySQL,350,15.865
mysql,MySQL,351,6.247
mysql,MySQL,352,24.143
mysql,MySQL,353,6.396
mysql,MySQL,354,23.829
mysql,MySQL,355,15.312
mysql,MySQL,356,6.167
mysql,MySQL,357,24.958
mysql,MySQL,358,15.242
mysql,MySQL,359,15.105
mysql,MySQL,360,15.357
mysql,MySQL,361,15.346
mysql,MySQL,362,15.729
mysql,MySQL,363,15.51
mysql,MySQL,364,14.525
mysql,MySQL,365,16.649
mysql,MySQL,366,15.488
mysql,MySQL,367,14.988
mysql,MySQL,368,15.311
mysql,MySQL,369,15.581
mysql,MySQL,370,16.262
mysql,MySQL,371,14.797
mysql,MySQL,372,15.835
mysql,MySQL,373,15.235
mysql,MySQL,374,15.762
mysql,MySQL,375,15.093
mysql,MySQL,376,5.72
mysql,MySQL,377,24.454
mysql,MySQL,378,14.745
mysql,MySQL,379,16.537
mysql,MySQL,380,14.523
mysql,MySQL,381,5.039
mysql,MySQL,382,27.42
mysql,MySQL,383,14.595
mysql,MySQL,384,15.366
mysql,MySQL,385,5.646
mysql,MySQL,386,25.477
mysql,MySQL,387,15.376
mysql,MySQL,388,15.474
mysql,MySQL,389,14.861
mysql,MySQL,390,15.259
mysql,MySQL,391,15.606
mysql,MySQL,392,14.877
mysql,MySQL,393,15.63
mysql,MySQL,394,15.762
mysql,MySQL,395,15.782
mysql,MySQL,396,14.803
mysql,MySQL,397,15.496
mysql,MySQL,398,15.109
mysql,MySQL,399,15.615
mysql,MySQL,400,15.737
mysql,MySQL,401,15.266
mysql,MySQL,402,15.272
mysql,MySQL,403,15.507
mysql,MySQL,404,14.194
mysql,MySQL,405,14.851
mysql,MySQL,406,15.846
mysql,MySQL,407,16.359
mysql,MySQL,408,14.805
mysql,MySQL,409,14.778
mysql,MySQL,410,15.784
mysql,MySQL,411,15.04
mysql,MySQL,412,15.706
mysql,MySQL,413,16.043
mysql,MySQL,414,16.868
mysql,MySQL,415,15.387
mysql,MySQL,416,14.861
mysql,MySQL,417,16.298
mysql,MySQL,418,15.158
mysql,MySQL,419,5.131
mysql,MySQL,420,26.162
mysql,MySQL,421,14.924
mysql,MySQL,422,16.536
mysql,MySQL,423,15.873
mysql,MySQL,424,15.528
mysql,MySQL,425,14.922
mysql,MySQL,426,15.603
mysql,MySQL,427,15.176
mysql,MySQL,428,15.043
mysql,MySQL,429,5.221
mysql,MySQL,430,26.5
mysql,MySQL,431,15.103
mysql,MySQL,432,15.737
mysql,MySQL,433,15.195
mysql,MySQL,434,15.286
mysql,MySQL,435,15.778
mysql,MySQL,436,14.791
mysql,MySQL,437,16.05
mysql,MySQL,438,15.066
mysql,MySQL,439,15.205
mysql,MySQL,440,15.449
mysql,MySQL,441,14.735
mysql,MySQL,442,15.98
mysql,MySQL,443,15.737
mysql,MySQL,444,15.528
mysql,MySQL,445,15.274
mysql,MySQL,446,15.177
mysql,MySQL,447,15.514
mysql,MySQL,448,15.158
mysql,MySQL,449,15.6
mysql,MySQL,450,14.711
mysql,MySQL,451,15.507
mysql,MySQL,452,15.298
mysql,MySQL,453,15.304
mysql,MySQL,454,15.084
mysql,MySQL,455,14.723
mysql,MySQL,456,15.569
mysql,MySQL,457,14.944
mysql,MySQL,458,5.385
mysql,MySQL,459,24.521
mysql,MySQL,460,15.27
mysql,MySQL,461,15.885
mysql,MySQL,462,15.565
mysql,MySQL,463,16.052
mysql,MySQL,464,14.98
mysql,MySQL,465,14.912
mysql,MySQL,466,4.723
mysql,MySQL,467,26.486
mysql,MySQL,468,15.949
mysql,MySQL,469,15.956
mysql,MySQL,470,4.604
mysql,MySQL,471,26.012
mysql,MySQL,472,16.173
mysql,MySQL,473,15.768
mysql,MySQL,474,14.658
mysql,MySQL,475,15.865
mysql,MySQL,476,14.783
mysql,MySQL,477,15.426
mysql,MySQL,478,15.923
mysql,MySQL,479,5.479
mysql,MySQL,480,24.811
mysql,MySQL,481,15.38
mysql,MySQL,482,15.867
mysql,MySQL,483,15.198
mysql,MySQL,484,17.062
mysql,MySQL,485,5.377
mysql,MySQL,486,25.662
mysql,MySQL,487,16.026
mysql,MySQL,488,14.418
mysql,MySQL,489,16.702
mysql,MySQL,490,14.566
mysql,MySQL,491,15.093
mysql,MySQL,492,15.711
mysql,MySQL,493,16.232
mysql,MySQL,494,15.785
mysql,MySQL,495,15.405
mysql,MySQL,496,15.252
mysql,MySQL,497,15.115
mysql,MySQL,498,15.977
mysql,MySQL,499,15.089
mysql,MySQL,500,15.196
mysql,MySQL,501,15.745
mysql,MySQL,502,15.302
mysql,MySQL,503,15.066
mysql,MySQL,504,16.005
mysql,MySQL,505,5.599
mysql,MySQL,506,25.728
mysql,MySQL,507,14.792
mysql,MySQL,508,15.74
mysql,MySQL,509,15.21
mysql,MySQL,510,15.598
mysql,MySQL,511,15.383
mysql,MySQL,512,16.325
mysql,MySQL,513,15.36
mysql,MySQL,514,15.179
mysql,MySQL,515,15.49
mysql,MySQL,516,15.166
mysql,MySQL,517,15.421
mysql,MySQL,518,15.091
mysql,MySQL,519,6.705
mysql,MySQL,520,5.861
mysql,MySQL,521,5.605
mysql,MySQL,522,28.273
mysql,MySQL,523,15.431
mysql,MySQL,524,15.074
mysql,MySQL,525,16.127
mysql,MySQL,526,6.357
mysql,MySQL,527,24.17
mysql,MySQL,528,6.726
mysql,MySQL,529,6.296
mysql,MySQL,530,17.347
mysql,MySQL,531,15.215
mysql,MySQL,532,16.378
mysql,MySQL,533,15.486
mysql,MySQL,534,4.954
mysql,MySQL,535,24.566
mysql,MySQL,536,15.755
mysql,MySQL,537,15.294
mysql,MySQL,538,16.341
mysql,MySQL,539,15.238
mysql,MySQL,540,15.579
mysql,MySQL,541,15.078
mysql,MySQL,542,14.35
mysql,MySQL,543,15.06
mysql,MySQL,544,15.262
mysql,MySQL,545,15.212
mysql,MySQL,546,16.284
mysql,MySQL,547,6.258
mysql,MySQL,548,22.615
mysql,MySQL,549,15.388
mysql,MySQL,550,14.89
mysql,MySQL,551,15.217
mysql,MySQL,552,15.585
mysql,MySQL,553,15.577
mysql,MySQL,554,14.624
mysql,MySQL,555,14.875
mysql,MySQL,556,15.943
mysql,MySQL,557,5.813
mysql,MySQL,558,25.72
mysql,MySQL,559,16.052
mysql,MySQL,560,15.359
mysql,MySQL,561,16.864
mysql,MySQL,562,13.874
mysql,MySQL,563,15.125
mysql,MySQL,564,15.479
mysql,MySQL,565,16.161
mysql,MySQL,566,15.965
mysql,MySQL,567,14.954
mysql,MySQL,568,15.578
mysql,MySQL,569,14.83
mysql,MySQL,570,14.94
mysql,MySQL,571,15.981
mysql,MySQL,572,15.704
mysql,MySQL,573,14.942
mysql,MySQL,574,16.035
mysql,MySQL,575,14.677
mysql,MySQL,576,15.894
mysql,MySQL,577,15.004
mysql,MySQL,578,16.042
mysql,MySQL,579,15.32
mysql,MySQL,580,15.187
mysql,MySQL,581,15.573
mysql,MySQL,582,14.999
mysql,MySQL,583,15.577
mysql,MySQL,584,15.767
mysql,MySQL,585,15.046
mysql,MySQL,586,14.923
mysql,MySQL,587,16.04
mysql,MySQL,588,15.509
mysql,MySQL,589,15.894
mysql,MySQL,590,14.623
mysql,MySQL,591,15.445
mysql,MySQL,592,5.473
mysql,MySQL,593,23.906
mysql,MySQL,594,5.294
mysql,MySQL,595,25.575
mysql,MySQL,596,15.279
mysql,MySQL,597,15.57
mysql,MySQL,598,15.869
mysql,MySQL,599,15.176
mysql,MySQL,600,15.092
mysql,MySQL,601,16.44
mysql,MySQL,602,15.058
mysql,MySQL,603,15.448
mysql,MySQL,604,14.463
mysql,MySQL,605,16.372
mysql,MySQL,606,15.757
mysql,MySQL,607,15.385
mysql,MySQL,608,15.262
mysql,MySQL,609,15.422
mysql,MySQL,610,14.676
mysql,MySQL,611,15.358
mysql,MySQL,612,16.068
mysql,MySQL,613,15.026
mysql,MySQL,614,15.663
mysql,MySQL,615,15.471
mysql,MySQL,616,4.9
mysql,MySQL,617,26.956
mysql,MySQL,618,15.388
mysql,MySQL,619,14.959
mysql,MySQL,620,16.074
mysql,MySQL,621,16.017
mysql,MySQL,622,14.773
mysql,MySQL,623,5.208
mysql,MySQL,624,5.049
mysql,MySQL,625,19.914
mysql,MySQL,626,14.165
mysql,MySQL,627,16.686
mysql,MySQL,628,15.824
mysql,MySQL,629,15.38
mysql,MySQL,630,15.033
mysql,MySQL,631,15.597
mysql,MySQL,632,15.612
mysql,MySQL,633,14.775
mysql,MySQL,634,4.85
mysql,MySQL,635,24.984
mysql,MySQL,636,15.688
mysql,MySQL,637,14.748
mysql,MySQL,638,14.744
mysql,MySQL,639,15.555
mysql,MySQL,640,15.434
mysql,MySQL,641,15.74
mysql,MySQL,642,14.68
mysql,MySQL,643,15.62
mysql,MySQL,644,15.24
mysql,MySQL,645,15.823
mysql,MySQL,646,15.543
mysql,MySQL,647,15.712
mysql,MySQL,648,14.842
mysql,MySQL,649,15.228
mysql,MySQL,650,5.519
mysql,MySQL,651,25.676
mysql,MySQL,652,15.834
mysql,MySQL,653,14.313
mysql,MySQL,654,15.341
mysql,MySQL,655,15.878
mysql,MySQL,656,15.743
mysql,MySQL,657,15.656
mysql,MySQL,658,15.439
mysql,MySQL,659,15.023
mysql,MySQL,660,15.071
mysql,MySQL,661,5.282
mysql,MySQL,662,26.728
mysql,MySQL,663,14.768
mysql,MySQL,664,16.062
mysql,MySQL,665,15.279
mysql,MySQL,666,20.985
mysql,MySQL,667,25.175
mysql,MySQL,668,15.256
mysql,MySQL,669,15.332
mysql,MySQL,670,15.91
mysql,MySQL,671,15.371
mysql,MySQL,672,15.646
mysql,MySQL,673,16.135
mysql,MySQL,674,4.929
mysql,MySQL,675,25.976
mysql,MySQL,676,15.858
mysql,MySQL,677,14.919
mysql,MySQL,678,16.602
mysql,MySQL,679,14.586
mysql,MySQL,680,15.681
mysql,MySQL,681,15.281
mysql,MySQL,682,15.368
mysql,MySQL,683,15.021
mysql,MySQL,684,15.554
mysql,MySQL,685,15.302
mysql,MySQL,686,15.303
mysql,MySQL,687,5.583
mysql,MySQL,688,5.371
mysql,MySQL,689,19.162
mysql,MySQL,690,17.729
mysql,MySQL,691,14.462
mysql,MySQL,692,15.446
mysql,MySQL,693,15.169
mysql,MySQL,694,15.553
mysql,MySQL,695,15.275
mysql,MySQL,696,15.689
mysql,MySQL,697,15.475
mysql,MySQL,698,14.904
mysql,MySQL,699,14.84
mysql,MySQL,700,17.155
mysql,MySQL,701,14.773
mysql,MySQL,702,15.394
mysql,MySQL,703,14.164
mysql,MySQL,704,16.262
mysql,MySQL,705,14.748
mysql,MySQL,706,4.657
mysql,MySQL,707,26.389
mysql,MySQL,708,14.58
mysql,MySQL,709,15.074
mysql,MySQL,710,15.515
mysql,MySQL,711,15.995
mysql,MySQL,712,15.225
mysql,MySQL,713,15.884
mysql,MySQL,714,14.662
mysql,MySQL,715,4.975
mysql,MySQL,716,25.652
mysql,MySQL,717,15.92
mysql,MySQL,718,15.396
mysql,MySQL,719,15.23
mysql,MySQL,720,16.095
mysql,MySQL,721,15.567
mysql,MySQL,722,15.139
mysql,MySQL,723,15.985
mysql,MySQL,724,15.467
mysql,MySQL,725,15.275
mysql,MySQL,726,16.403
mysql,MySQL,727,16.176
mysql,MySQL,728,14.295
mysql,MySQL,729,15.208
mysql,MySQL,730,15.473
mysql,MySQL,731,15.643
mysql,MySQL,732,14.968
mysql,MySQL,733,15.119
mysql,MySQL,734,15.392
mysql,MySQL,735,4.899
mysql,MySQL,736,26.894
mysql,MySQL,737,15.704
mysql,MySQL,738,15.436
mysql,MySQL,739,5.043
mysql,MySQL,740,25.915
mysql,MySQL,741,15.004
mysql,MySQL,742,16.675
mysql,MySQL,743,14.58
mysql,MySQL,744,15.895
mysql,MySQL,745,15.046
mysql,MySQL,746,14.903
mysql,MySQL,747,15.641
mysql,MySQL,748,15.343
mysql,MySQL,749,16.081
mysql,MySQL,750,15.644
mysql,MySQL,751,15.771
mysql,MySQL,752,15.113
mysql,MySQL,753,16.387
mysql,MySQL,754,15.259
mysql,MySQL,755,15.157
mysql,MySQL,756,16.236
mysql,MySQL,757,15.455
mysql,MySQL,758,15.776
mysql,MySQL,759,15.295
mysql,MySQL,760,15.5
mysql,MySQL,761,15.142
mysql,MySQL,762,15.783
mysql,MySQL,763,14.557
mysql,MySQL,764,15.372
mysql,MySQL,765,15.981
mysql,MySQL,766,14.465
mysql,MySQL,767,17.372
mysql,MySQL,768,14.699
mysql,MySQL,769,5.143
mysql,MySQL,770,25.555
mysql,MySQL,771,14.458
mysql,MySQL,772,15.214
mysql,MySQL,773,16.127
mysql,MySQL,774,14.906
mysql,MySQL,775,16.008
mysql,MySQL,776,15.528
mysql,MySQL,777,15.56
mysql,MySQL,778,15.11
mysql,MySQL,779,4.748
mysql,MySQL,780,24.87
mysql,MySQL,781,16.088
mysql,MySQL,782,15.934
mysql,MySQL,783,16.417
mysql,MySQL,784,16.191
mysql,MySQL,785,14.443
mysql,MySQL,786,16.341
mysql,MySQL,787,14.489
mysql,MySQL,788,14.775
mysql,MySQL,789,14.942
mysql,MySQL,790,16.055
mysql,MySQL,791,14.908
mysql,MySQL,792,14.77
mysql,MySQL,793,15.963
mysql,MySQL,794,15.516
mysql,MySQL,795,15.187
mysql,MySQL,796,16.476
mysql,MySQL,797,15.265
mysql,MySQL,798,15.896
mysql,MySQL,799,16.086
mysql,MySQL,800,14.642
mysql,MySQL,801,15.055
mysql,MySQL,802,15.144
mysql,MySQL,803,15.423
mysql,MySQL,804,14.912
mysql,MySQL,805,15.396
mysql,MySQL,806,15.762
mysql,MySQL,807,14.819
mysql,MySQL,808,15.926
mysql,MySQL,809,14.453
mysql,MySQL,810,5.26
mysql,MySQL,811,25.302
mysql,MySQL,812,15.903
mysql,MySQL,813,15.874
mysql,MySQL,814,14.669
mysql,MySQL,815,15.323
mysql,MySQL,816,16.071
mysql,MySQL,817,15.285
mysql,MySQL,818,15.848
mysql,MySQL,819,15.294
mysql,MySQL,820,15.233
mysql,MySQL,821,15.395
mysql,MySQL,822,15.018
mysql,MySQL,823,16.111
mysql,MySQL,824,16.252
mysql,MySQL,825,15.627
mysql,MySQL,826,14.963
mysql,MySQL,827,14.673
mysql,MySQL,828,15.45
mysql,MySQL,829,16.169
mysql,MySQL,830,14.909
mysql,MySQL,831,15.031
mysql,MySQL,832,15.771
mysql,MySQL,833,15.653
mysql,MySQL,834,15.444
mysql,MySQL,835,16.645
mysql,MySQL,836,14.606
mysql,MySQL,837,14.653
mysql,MySQL,838,15.258
mysql,MySQL,839,15.887
mysql,MySQL,840,15.624
mysql,MySQL,841,15.997
mysql,MySQL,842,15.271
mysql,MySQL,843,15.387
mysql,MySQL,844,15.362
mysql,MySQL,845,16.008
mysql,MySQL,846,15.216
mysql,MySQL,847,14.872
mysql,MySQL,848,14.879
mysql,MySQL,849,15.48
mysql,MySQL,850,15.703
mysql,MySQL,851,15.786
mysql,MySQL,852,4.76
mysql,MySQL,853,26.047
mysql,MySQL,854,15.133
mysql,MySQL,855,15.803
mysql,MySQL,856,14.943
mysql,MySQL,857,16.524
mysql,MySQL,858,14.808
mysql,MySQL,859,5.534
mysql,MySQL,860,24.909
mysql,MySQL,861,16.016
mysql,MySQL,862,14.858
mysql,MySQL,863,5.667
mysql,MySQL,864,24.212
mysql,MySQL,865,16.575
mysql,MySQL,866,6.054
mysql,MySQL,867,22.099
mysql,MySQL,868,15.647
mysql,MySQL,869,5.454
mysql,MySQL,870,5.211
mysql,MySQL,871,19.224
mysql,MySQL,872,16.042
mysql,MySQL,873,15.734
mysql,MySQL,874,14.189
mysql,MySQL,875,15.435
mysql,MySQL,876,15.245
mysql,MySQL,877,15.825
mysql,MySQL,878,15.324
mysql,MySQL,879,15.137
mysql,MySQL,880,15.816
mysql,MySQL,881,15.445
mysql,MySQL,882,4.796
mysql,MySQL,883,26.823
mysql,MySQL,884,15.67
mysql,MySQL,885,16.075
mysql,MySQL,886,15.241
mysql,MySQL,887,15.512
mysql,MySQL,888,15.098
mysql,MySQL,889,15.315
mysql,MySQL,890,15.547
mysql,MySQL,891,15.678
mysql,MySQL,892,14.777
mysql,MySQL,893,15.708
mysql,MySQL,894,15.187
mysql,MySQL,895,15.684
mysql,MySQL,896,4.71
mysql,MySQL,897,25.194
mysql,MySQL,898,15.799
mysql,MySQL,899,15.141
mysql,MySQL,900,15.056
mysql,MySQL,901,15.714
mysql,MySQL,902,15.806
mysql,MySQL,903,15.649
mysql,MySQL,904,15.859
mysql,MySQL,905,5.168
mysql,MySQL,906,5.049
mysql,MySQL,907,20.538
mysql,MySQL,908,14.934
mysql,MySQL,909,15.818
mysql,MySQL,910,15.897
mysql,MySQL,911,15.697
mysql,MySQL,912,16.328
mysql,MySQL,913,14.928
mysql,MySQL,914,15.743
mysql,MySQL,915,15.015
mysql,MySQL,916,4.735
mysql,MySQL,917,27.017
mysql,MySQL,918,14.673
mysql,MySQL,919,15.729
mysql,MySQL,920,15.464
mysql,MySQL,921,15.623
mysql,MySQL,922,5.061
mysql,MySQL,923,26.56
mysql,MySQL,924,15.466
mysql,MySQL,925,16.132
mysql,MySQL,926,14.988
mysql,MySQL,927,15.756
mysql,MySQL,928,15.373
mysql,MySQL,929,15.226
mysql,MySQL,930,15.368
mysql,MySQL,931,15.907
mysql,MySQL,932,15.954
mysql,MySQL,933,14.824
mysql,MySQL,934,14.791
mysql,MySQL,935,15.67
mysql,MySQL,936,5.556
mysql,MySQL,937,25.187
mysql,MySQL,938,15.166
mysql,MySQL,939,15.268
mysql,MySQL,940,16.034
mysql,MySQL,941,14.5
mysql,MySQL,942,4.544
mysql,MySQL,943,28.154
mysql,MySQL,944,15.073
mysql,MySQL,945,15.573
mysql,MySQL,946,15.044
mysql,MySQL,947,15.786
mysql,MySQL,948,15.067
mysql,MySQL,949,15.26
mysql,MySQL,950,5.072
mysql,MySQL,951,26.695
mysql,MySQL,952,15.132
mysql,MySQL,953,14.391
mysql,MySQL,954,16.662
mysql,MySQL,955,14.943
mysql,MySQL,956,16.066
mysql,MySQL,957,14.911
mysql,MySQL,958,15.469
mysql,MySQL,959,14.993
mysql,MySQL,960,16.621
mysql,MySQL,961,15.61
mysql,MySQL,962,15.131
mysql,MySQL,963,14.6
mysql,MySQL,964,15.391
mysql,MySQL,965,15.351
mysql,MySQL,966,4.933
mysql,MySQL,967,27.158
mysql,MySQL,968,14.298
mysql,MySQL,969,5.147
mysql,MySQL,970,24.673
mysql,MySQL,971,15.445
mysql,MySQL,972,16.355
mysql,MySQL,973,16.387
mysql,MySQL,974,14.589
mysql,MySQL,975,15.461
mysql,MySQL,976,15.669
mysql,MySQL,977,15.595
mysql,MySQL,978,15.606
mysql,MySQL,979,15.529
mysql,MySQL,980,16.109
mysql,MySQL,981,15.053
mysql,MySQL,982,15.605
mysql,MySQL,983,15.31
mysql,MySQL,984,15.8
mysql,MySQL,985,15.885
mysql,MySQL,986,15.47
mysql,MySQL,987,15.196
mysql,MySQL,988,14.977
mysql,MySQL,989,14.98
mysql,MySQL,990,15.495
mysql,MySQL,991,4.926
mysql,MySQL,992,26.129
mysql,MySQL,993,15.647
mysql,MySQL,994,15.273
mysql,MySQL,995,14.696
mysql,MySQL,996,14.993
mysql,MySQL,997,15.968
mysql,MySQL,998,15.002
mysql,MySQL,999,15.628
mysql,MySQL,1000,14.929
mongo,MongoDB,1,2.094
mongo,MongoDB,2,0.979
mongo,MongoDB,3,0.791
mongo,MongoDB,4,0.571
mongo,MongoDB,5,0.486
mongo,MongoDB,6,0.678
mongo,MongoDB,7,0.813
mongo,MongoDB,8,1.249
mongo,MongoDB,9,1.102
mongo,MongoDB,10,0.91
mongo,MongoDB,11,0.673
mongo,MongoDB,12,0.82
mongo,MongoDB,13,0.665
mongo,MongoDB,14,0.713
mongo,MongoDB,15,0.551
mongo,MongoDB,16,0.834
mongo,MongoDB,17,1.078
mongo,MongoDB,18,0.662
mongo,MongoDB,19,0.897
mongo,MongoDB,20,0.753
mongo,MongoDB,21,0.768
mongo,MongoDB,22,0.726
mongo,MongoDB,23,0.568
mongo,MongoDB,24,0.801
mongo,MongoDB,25,0.616
mongo,MongoDB,26,0.733
mongo,MongoDB,27,0.718
mongo,MongoDB,28,0.71
mongo,MongoDB,29,0.921
mongo,MongoDB,30,0.814
mongo,MongoDB,31,0.617
mongo,MongoDB,32,0.572
mongo,MongoDB,33,0.749
mongo,MongoDB,34,1.207
mongo,MongoDB,35,0.857
mongo,MongoDB,36,1.104
mongo,MongoDB,37,0.844
mongo,MongoDB,38,0.637
mongo,MongoDB,39,0.709
mongo,MongoDB,40,0.765
mongo,MongoDB,41,0.749
mongo,MongoDB,42,0.654
mongo,MongoDB,43,0.521
mongo,MongoDB,44,0.712
mongo,MongoDB,45,0.683
mongo,MongoDB,46,0.675
mongo,MongoDB,47,0.529
mongo,MongoDB,48,0.646
mongo,MongoDB,49,0.518
mongo,MongoDB,50,0.751
mongo,MongoDB,51,0.59
mongo,MongoDB,52,0.674
mongo,MongoDB,53,0.682
mongo,MongoDB,54,0.572
mongo,MongoDB,55,0.664
mongo,MongoDB,56,0.564
mongo,MongoDB,57,0.68
mongo,MongoDB,58,0.602
mongo,MongoDB,59,1.028
mongo,MongoDB,60,0.843
mongo,MongoDB,61,1.287
mongo,MongoDB,62,0.891
mongo,MongoDB,63,0.704
mongo,MongoDB,64,0.752
mongo,MongoDB,65,0.744
mongo,MongoDB,66,0.835
mongo,MongoDB,67,0.618
mongo,MongoDB,68,0.837
mongo,MongoDB,69,0.841
mongo,MongoDB,70,0.795
mongo,MongoDB,71,0.98
mongo,MongoDB,72,1.108
mongo,MongoDB,73,1.063
mongo,MongoDB,74,0.731
mongo,MongoDB,75,0.853
mongo,MongoDB,76,0.917
mongo,MongoDB,77,1.101
mongo,MongoDB,78,0.87
mongo,MongoDB,79,0.636
mongo,MongoDB,80,0.771
mongo,MongoDB,81,0.79
mongo,MongoDB,82,0.665
mongo,MongoDB,83,0.637
mongo,MongoDB,84,0.721
mongo,MongoDB,85,0.627
mongo,MongoDB,86,0.559
mongo,MongoDB,87,0.728
mongo,MongoDB,88,0.711
mongo,MongoDB,89,0.694
mongo,MongoDB,90,0.541
mongo,MongoDB,91,0.513
mongo,MongoDB,92,0.518
mongo,MongoDB,93,0.655
mongo,MongoDB,94,0.488
mongo,MongoDB,95,0.511
mongo,MongoDB,96,0.503
mongo,MongoDB,97,0.503
mongo,MongoDB,98,0.743
mongo,MongoDB,99,0.816
mongo,MongoDB,100,0.874
mongo,MongoDB,101,0.751
mongo,MongoDB,102,0.621
mongo,MongoDB,103,0.688
mongo,MongoDB,104,0.798
mongo,MongoDB,105,0.727
mongo,MongoDB,106,0.561
mongo,MongoDB,107,0.842
mongo,MongoDB,108,0.78
mongo,MongoDB,109,0.73
mongo,MongoDB,110,0.799
mongo,MongoDB,111,0.76
mongo,MongoDB,112,0.705
mongo,MongoDB,113,0.576
mongo,MongoDB,114,0.504
mongo,MongoDB,115,0.471
mongo,MongoDB,116,0.464
mongo,MongoDB,117,0.625
mongo,MongoDB,118,0.466
mongo,MongoDB,119,0.488
mongo,MongoDB,120,0.451
mongo,MongoDB,121,0.599
mongo,MongoDB,122,0.603
mongo,MongoDB,123,0.605
mongo,MongoDB,124,0.689
mongo,MongoDB,125,0.644
mongo,MongoDB,126,0.709
mongo,MongoDB,127,0.623
mongo,MongoDB,128,0.638
mongo,MongoDB,129,0.644
mongo,MongoDB,130,0.639
mongo,MongoDB,131,0.505
mongo,MongoDB,132,0.475
mongo,MongoDB,133,0.614
mongo,MongoDB,134,0.49
mongo,MongoDB,135,0.546
mongo,MongoDB,136,0.538
mongo,MongoDB,137,0.661
mongo,MongoDB,138,0.701
mongo,MongoDB,139,0.64
mongo,MongoDB,140,0.736
mongo,MongoDB,141,0.562
mongo,MongoDB,142,0.61
mongo,MongoDB,143,0.649
mongo,MongoDB,144,0.622
mongo,MongoDB,145,0.769
mongo,MongoDB,146,0.704
mongo,MongoDB,147,0.652
mongo,MongoDB,148,0.843
mongo,MongoDB,149,0.763
mongo,MongoDB,150,0.599
mongo,MongoDB,151,0.667
mongo,MongoDB,152,0.615
mongo,MongoDB,153,0.482
mongo,MongoDB,154,0.891
mongo,MongoDB,155,0.627
mongo,MongoDB,156,0.553
mongo,MongoDB,157,0.518
mongo,MongoDB,158,0.705
mongo,MongoDB,159,0.56
mongo,MongoDB,160,0.76
mongo,MongoDB,161,0.812
mongo,MongoDB,162,0.902
mongo,MongoDB,163,0.632
mongo,MongoDB,164,0.575
mongo,MongoDB,165,0.645
mongo,MongoDB,166,0.802
mongo,MongoDB,167,0.572
mongo,MongoDB,168,0.516
mongo,MongoDB,169,0.474
mongo,MongoDB,170,0.818
mongo,MongoDB,171,1.077
mongo,MongoDB,172,0.858
mongo,MongoDB,173,0.874
mongo,MongoDB,174,0.682
mongo,MongoDB,175,0.525
mongo,MongoDB,176,0.711
mongo,MongoDB,177,0.744
mongo,MongoDB,178,0.69
mongo,MongoDB,179,0.829
mongo,MongoDB,180,0.803
mongo,MongoDB,181,0.631
mongo,MongoDB,182,0.555
mongo,MongoDB,183,0.606
mongo,MongoDB,184,0.784
mongo,MongoDB,185,0.797
mongo,MongoDB,186,0.753
mongo,MongoDB,187,0.819
mongo,MongoDB,188,0.601
mongo,MongoDB,189,0.56
mongo,MongoDB,190,0.667
mongo,MongoDB,191,0.761
mongo,MongoDB,192,0.854
mongo,MongoDB,193,0.712
mongo,MongoDB,194,0.572
mongo,MongoDB,195,0.669
mongo,MongoDB,196,0.504
mongo,MongoDB,197,0.512
mongo,MongoDB,198,0.778
mongo,MongoDB,199,0.736
mongo,MongoDB,200,0.738
mongo,MongoDB,201,0.66
mongo,MongoDB,202,0.683
mongo,MongoDB,203,0.676
mongo,MongoDB,204,0.712
mongo,MongoDB,205,0.971
mongo,MongoDB,206,0.662
mongo,MongoDB,207,0.568
mongo,MongoDB,208,0.535
mongo,MongoDB,209,0.461
mongo,MongoDB,210,0.54
mongo,MongoDB,211,0.566
mongo,MongoDB,212,0.533
mongo,MongoDB,213,0.826
mongo,MongoDB,214,0.755
mongo,MongoDB,215,0.673
mongo,MongoDB,216,0.989
mongo,MongoDB,217,0.889
mongo,MongoDB,218,0.797
mongo,MongoDB,219,0.705
mongo,MongoDB,220,0.693
mongo,MongoDB,221,0.858
mongo,MongoDB,222,0.686
mongo,MongoDB,223,0.742
mongo,MongoDB,224,0.546
mongo,MongoDB,225,0.549
mongo,MongoDB,226,0.542
mongo,MongoDB,227,0.503
mongo,MongoDB,228,0.474
mongo,MongoDB,229,0.678
mongo,MongoDB,230,0.487
mongo,MongoDB,231,0.476
mongo,MongoDB,232,0.692
mongo,MongoDB,233,0.666
mongo,MongoDB,234,0.821
mongo,MongoDB,235,0.7
mongo,MongoDB,236,0.71
mongo,MongoDB,237,0.728
mongo,MongoDB,238,0.806
mongo,MongoDB,239,0.707
mongo,MongoDB,240,0.91
mongo,MongoDB,241,0.724
mongo,MongoDB,242,0.618
mongo,MongoDB,243,0.666
mongo,MongoDB,244,0.676
mongo,MongoDB,245,0.722
mongo,MongoDB,246,0.761
mongo,MongoDB,247,0.913
mongo,MongoDB,248,0.698
mongo,MongoDB,249,0.755
mongo,MongoDB,250,0.79
mongo,MongoDB,251,0.894
mongo,MongoDB,252,0.651
mongo,MongoDB,253,0.674
mongo,MongoDB,254,0.682
mongo,MongoDB,255,0.48
mongo,MongoDB,256,0.67
mongo,MongoDB,257,0.536
mongo,MongoDB,258,0.646
mongo,MongoDB,259,0.609
mongo,MongoDB,260,0.814
mongo,MongoDB,261,0.857
mongo,MongoDB,262,1.065
mongo,MongoDB,263,0.681
mongo,MongoDB,264,0.658
mongo,MongoDB,265,0.716
mongo,MongoDB,266,0.641
mongo,MongoDB,267,0.549
mongo,MongoDB,268,0.518
mongo,MongoDB,269,0.718
mongo,MongoDB,270,0.604
mongo,MongoDB,271,0.53
mongo,MongoDB,272,0.506
mongo,MongoDB,273,0.767
mongo,MongoDB,274,0.552
mongo,MongoDB,275,0.547
mongo,MongoDB,276,0.739
mongo,MongoDB,277,0.799
mongo,MongoDB,278,0.662
mongo,MongoDB,279,0.517
mongo,MongoDB,280,0.465
mongo,MongoDB,281,0.663
mongo,MongoDB,282,0.495
mongo,MongoDB,283,0.555
mongo,MongoDB,284,0.603
mongo,MongoDB,285,0.883
mongo,MongoDB,286,0.865
mongo,MongoDB,287,0.665
mongo,MongoDB,288,0.709
mongo,MongoDB,289,0.764
mongo,MongoDB,290,1.351
mongo,MongoDB,291,1.827
mongo,MongoDB,292,0.903
mongo,MongoDB,293,0.811
mongo,MongoDB,294,0.692
mongo,MongoDB,295,0.686
mongo,MongoDB,296,0.657
mongo,MongoDB,297,0.893
mongo,MongoDB,298,0.525
mongo,MongoDB,299,0.712
mongo,MongoDB,300,0.733
mongo,MongoDB,301,0.853
mongo,MongoDB,302,0.807
mongo,MongoDB,303,1.065
mongo,MongoDB,304,0.66
mongo,MongoDB,305,0.745
mongo,MongoDB,306,0.605
mongo,MongoDB,307,0.468
mongo,MongoDB,308,0.502
mongo,MongoDB,309,0.523
mongo,MongoDB,310,0.464
mongo,MongoDB,311,0.519
mongo,MongoDB,312,0.568
mongo,MongoDB,313,0.582
mongo,MongoDB,314,0.674
mongo,MongoDB,315,1.089
mongo,MongoDB,316,0.707
mongo,MongoDB,317,0.692
mongo,MongoDB,318,0.701
mongo,MongoDB,319,0.56
mongo,MongoDB,320,0.514
mongo,MongoDB,321,0.559
mongo,MongoDB,322,0.536
mongo,MongoDB,323,0.55
mongo,MongoDB,324,0.527
mongo,MongoDB,325,0.737
mongo,MongoDB,326,0.691
mongo,MongoDB,327,0.776
mongo,MongoDB,328,0.833
mongo,MongoDB,329,0.738
mongo,MongoDB,330,0.637
mongo,MongoDB,331,0.589
mongo,MongoDB,332,0.825
mongo,MongoDB,333,0.644
mongo,MongoDB,334,0.601
mongo,MongoDB,335,0.568
mongo,MongoDB,336,0.605
mongo,MongoDB,337,0.468
mongo,MongoDB,338,0.467
mongo,MongoDB,339,0.554
mongo,MongoDB,340,0.482
mongo,MongoDB,341,0.702
mongo,MongoDB,342,0.572
mongo,MongoDB,343,0.691
mongo,MongoDB,344,0.679
mongo,MongoDB,345,0.628
mongo,MongoDB,346,0.593
mongo,MongoDB,347,0.559
mongo,MongoDB,348,0.463
mongo,MongoDB,349,0.674
mongo,MongoDB,350,0.486
mongo,MongoDB,351,0.651
mongo,MongoDB,352,0.759
mongo,MongoDB,353,0.789
mongo,MongoDB,354,0.78
mongo,MongoDB,355,0.758
mongo,MongoDB,356,0.56
mongo,MongoDB,357,0.643
mongo,MongoDB,358,0.694
mongo,MongoDB,359,0.647
mongo,MongoDB,360,0.635
mongo,MongoDB,361,0.778
mongo,MongoDB,362,0.872
mongo,MongoDB,363,1.04
mongo,MongoDB,364,0.92
mongo,MongoDB,365,0.878
mongo,MongoDB,366,0.783
mongo,MongoDB,367,0.909
mongo,MongoDB,368,0.724
mongo,MongoDB,369,0.732
mongo,MongoDB,370,0.691
mongo,MongoDB,371,0.669
mongo,MongoDB,372,0.925
mongo,MongoDB,373,0.659
mongo,MongoDB,374,0.655
mongo,MongoDB,375,0.557
mongo,MongoDB,376,0.529
mongo,MongoDB,377,0.512
mongo,MongoDB,378,0.481
mongo,MongoDB,379,0.536
mongo,MongoDB,380,0.576
mongo,MongoDB,381,0.573
mongo,MongoDB,382,0.613
mongo,MongoDB,383,0.556
mongo,MongoDB,384,0.584
mongo,MongoDB,385,0.536
mongo,MongoDB,386,0.556
mongo,MongoDB,387,0.826
mongo,MongoDB,388,0.839
mongo,MongoDB,389,0.83
mongo,MongoDB,390,0.658
mongo,MongoDB,391,0.624
mongo,MongoDB,392,0.618
mongo,MongoDB,393,0.541
mongo,MongoDB,394,0.668
mongo,MongoDB,395,0.615
mongo,MongoDB,396,0.858
mongo,MongoDB,397,1.027
mongo,MongoDB,398,1.042
mongo,MongoDB,399,0.824
mongo,MongoDB,400,0.853
mongo,MongoDB,401,0.621
mongo,MongoDB,402,0.568
mongo,MongoDB,403,0.519
mongo,MongoDB,404,0.733
mongo,MongoDB,405,0.956
mongo,MongoDB,406,0.905
mongo,MongoDB,407,0.757
mongo,MongoDB,408,0.587
mongo,MongoDB,409,0.549
mongo,MongoDB,410,0.543
mongo,MongoDB,411,0.722
mongo,MongoDB,412,0.732
mongo,MongoDB,413,0.592
mongo,MongoDB,414,0.551
mongo,MongoDB,415,0.734
mongo,MongoDB,416,0.67
mongo,MongoDB,417,0.808
mongo,MongoDB,418,0.708
mongo,MongoDB,419,0.632
mongo,MongoDB,420,0.997
mongo,MongoDB,421,1.14
mongo,MongoDB,422,1.081
mongo,MongoDB,423,0.924
mongo,MongoDB,424,0.9
mongo,MongoDB,425,0.805
mongo,MongoDB,426,0.766
mongo,MongoDB,427,0.741
mongo,MongoDB,428,0.9
mongo,MongoDB,429,0.775
mongo,MongoDB,430,0.858
mongo,MongoDB,431,0.948
mongo,MongoDB,432,0.657
mongo,MongoDB,433,1.026
mongo,MongoDB,434,0.863
mongo,MongoDB,435,0.786
mongo,MongoDB,436,0.696
mongo,MongoDB,437,0.769
mongo,MongoDB,438,0.555
mongo,MongoDB,439,0.528
mongo,MongoDB,440,0.578
mongo,MongoDB,441,0.73
mongo,MongoDB,442,0.75
mongo,MongoDB,443,0.647
mongo,MongoDB,444,0.761
mongo,MongoDB,445,0.634
mongo,MongoDB,446,0.736
mongo,MongoDB,447,0.606
mongo,MongoDB,448,0.599
mongo,MongoDB,449,0.706
mongo,MongoDB,450,0.518
mongo,MongoDB,451,0.529
mongo,MongoDB,452,0.507
mongo,MongoDB,453,0.748
mongo,MongoDB,454,0.505
mongo,MongoDB,455,0.684
mongo,MongoDB,456,0.589
mongo,MongoDB,457,0.686
mongo,MongoDB,458,0.549
mongo,MongoDB,459,0.648
mongo,MongoDB,460,0.805
mongo,MongoDB,461,0.895
mongo,MongoDB,462,0.58
mongo,MongoDB,463,0.66
mongo,MongoDB,464,0.584
mongo,MongoDB,465,0.735
mongo,MongoDB,466,0.701
mongo,MongoDB,467,0.759
mongo,MongoDB,468,0.788
mongo,MongoDB,469,0.586
mongo,MongoDB,470,0.546
mongo,MongoDB,471,0.569
mongo,MongoDB,472,0.549
mongo,MongoDB,473,0.546
mongo,MongoDB,474,0.737
mongo,MongoDB,475,0.517
mongo,MongoDB,476,0.624
mongo,MongoDB,477,0.933
mongo,MongoDB,478,0.818
mongo,MongoDB,479,0.811
mongo,MongoDB,480,0.756
mongo,MongoDB,481,0.713
mongo,MongoDB,482,0.909
mongo,MongoDB,483,0.921
mongo,MongoDB,484,1.117
mongo,MongoDB,485,0.823
mongo,MongoDB,486,0.654
mongo,MongoDB,487,0.773
mongo,MongoDB,488,0.548
mongo,MongoDB,489,0.697
mongo,MongoDB,490,0.559
mongo,MongoDB,491,0.697
mongo,MongoDB,492,0.524
mongo,MongoDB,493,0.647
mongo,MongoDB,494,0.557
mongo,MongoDB,495,0.661
mongo,MongoDB,496,0.708
mongo,MongoDB,497,0.838
mongo,MongoDB,498,0.603
mongo,MongoDB,499,0.628
mongo,MongoDB,500,0.653
mongo,MongoDB,501,0.668
mongo,MongoDB,502,0.62
mongo,MongoDB,503,1.207
mongo,MongoDB,504,0.717
mongo,MongoDB,505,0.627
mongo,MongoDB,506,0.617
mongo,MongoDB,507,0.579
mongo,MongoDB,508,0.523
mongo,MongoDB,509,0.698
mongo,MongoDB,510,0.835
mongo,MongoDB,511,0.701
mongo,MongoDB,512,0.673
mongo,MongoDB,513,0.563
mongo,MongoDB,514,0.569
mongo,MongoDB,515,0.58
mongo,MongoDB,516,0.543
mongo,MongoDB,517,0.474
mongo,MongoDB,518,0.523
mongo,MongoDB,519,0.761
mongo,MongoDB,520,0.485
mongo,MongoDB,521,0.519
mongo,MongoDB,522,0.649
mongo,MongoDB,523,0.554
mongo,MongoDB,524,0.579
mongo,MongoDB,525,0.746
mongo,MongoDB,526,0.707
mongo,MongoDB,527,0.68
mongo,MongoDB,528,0.875
mongo,MongoDB,529,0.995
mongo,MongoDB,530,0.944
mongo,MongoDB,531,0.935
mongo,MongoDB,532,0.597
mongo,MongoDB,533,0.58
mongo,MongoDB,534,0.775
mongo,MongoDB,535,0.893
mongo,MongoDB,536,0.706
mongo,MongoDB,537,0.864
mongo,MongoDB,538,0.97
mongo,MongoDB,539,0.626
mongo,MongoDB,540,0.579
mongo,MongoDB,541,0.573
mongo,MongoDB,542,0.806
mongo,MongoDB,543,0.728
mongo,MongoDB,544,0.659
mongo,MongoDB,545,0.966
mongo,MongoDB,546,0.98
mongo,MongoDB,547,1.007
mongo,MongoDB,548,0.755
mongo,MongoDB,549,0.684
mongo,MongoDB,550,0.602
mongo,MongoDB,551,0.788
mongo,MongoDB,552,0.904
mongo,MongoDB,553,0.621
mongo,MongoDB,554,0.571
mongo,MongoDB,555,0.771
mongo,MongoDB,556,0.656
mongo,MongoDB,557,0.586
mongo,MongoDB,558,0.544
mongo,MongoDB,559,0.673
mongo,MongoDB,560,0.798
mongo,MongoDB,561,0.648
mongo,MongoDB,562,0.787
mongo,MongoDB,563,0.723
mongo,MongoDB,564,0.842
mongo,MongoDB,565,0.624
mongo,MongoDB,566,0.7
mongo,MongoDB,567,0.563
mongo,MongoDB,568,0.69
mongo,MongoDB,569,0.576
mongo,MongoDB,570,0.639
mongo,MongoDB,571,0.736
mongo,MongoDB,572,0.716
mongo,MongoDB,573,0.601
mongo,MongoDB,574,0.617
mongo,MongoDB,575,0.765
mongo,MongoDB,576,0.811
mongo,MongoDB,577,0.805
mongo,MongoDB,578,0.892
mongo,MongoDB,579,0.83
mongo,MongoDB,580,0.606
mongo,MongoDB,581,0.541
mongo,MongoDB,582,0.552
mongo,MongoDB,583,0.948
mongo,MongoDB,584,0.617
mongo,MongoDB,585,0.69
mongo,MongoDB,586,0.757
mongo,MongoDB,587,0.711
mongo,MongoDB,588,0.692
mongo,MongoDB,589,0.747
mongo,MongoDB,590,1.042
mongo,MongoDB,591,0.849
mongo,MongoDB,592,0.676
mongo,MongoDB,593,0.704
mongo,MongoDB,594,0.736
mongo,MongoDB,595,0.588
mongo,MongoDB,596,0.748
mongo,MongoDB,597,0.686
mongo,MongoDB,598,0.637
mongo,MongoDB,599,0.675
mongo,MongoDB,600,0.797
mongo,MongoDB,601,1.01
mongo,MongoDB,602,0.902
mongo,MongoDB,603,0.74
mongo,MongoDB,604,0.674
mongo,MongoDB,605,0.588
mongo,MongoDB,606,0.567
mongo,MongoDB,607,0.588
mongo,MongoDB,608,0.495
mongo,MongoDB,609,0.541
mongo,MongoDB,610,0.542
mongo,MongoDB,611,0.598
mongo,MongoDB,612,0.861
mongo,MongoDB,613,0.706
mongo,MongoDB,614,0.675
mongo,MongoDB,615,0.593
mongo,MongoDB,616,0.595
mongo,MongoDB,617,0.605
mongo,MongoDB,618,0.624
mongo,MongoDB,619,0.54
mongo,MongoDB,620,0.613
mongo,MongoDB,621,0.519
mongo,MongoDB,622,0.668
mongo,MongoDB,623,0.763
mongo,MongoDB,624,0.712
mongo,MongoDB,625,0.582
mongo,MongoDB,626,0.544
mongo,MongoDB,627,0.67
mongo,MongoDB,628,0.794
mongo,MongoDB,629,0.569
mongo,MongoDB,630,0.552
mongo,MongoDB,631,0.52
mongo,MongoDB,632,0.672
mongo,MongoDB,633,0.619
mongo,MongoDB,634,0.578
mongo,MongoDB,635,0.527
mongo,MongoDB,636,0.73
mongo,MongoDB,637,0.858
mongo,MongoDB,638,0.748
mongo,MongoDB,639,0.82
mongo,MongoDB,640,0.7
mongo,MongoDB,641,0.642
mongo,MongoDB,642,0.534
mongo,MongoDB,643,0.659
mongo,MongoDB,644,0.622
mongo,MongoDB,645,0.555
mongo,MongoDB,646,0.541
mongo,MongoDB,647,0.524
mongo,MongoDB,648,0.501
mongo,MongoDB,649,0.488
mongo,MongoDB,650,0.74
mongo,MongoDB,651,0.886
mongo,MongoDB,652,0.807
mongo,MongoDB,653,0.821
mongo,MongoDB,654,0.985
mongo,MongoDB,655,0.806
mongo,MongoDB,656,0.681
mongo,MongoDB,657,0.823
mongo,MongoDB,658,0.866
mongo,MongoDB,659,0.984
mongo,MongoDB,660,0.787
mongo,MongoDB,661,0.842
mongo,MongoDB,662,0.804
mongo,MongoDB,663,0.731
mongo,MongoDB,664,0.652
mongo,MongoDB,665,0.675
mongo,MongoDB,666,0.72
mongo,MongoDB,667,0.673
mongo,MongoDB,668,0.699
mongo,MongoDB,669,0.909
mongo,MongoDB,670,0.725
mongo,MongoDB,671,0.731
mongo,MongoDB,672,0.658
mongo,MongoDB,673,0.776
mongo,MongoDB,674,0.657
mongo,MongoDB,675,0.588
mongo,MongoDB,676,0.54
mongo,MongoDB,677,0.525
mongo,MongoDB,678,0.636
mongo,MongoDB,679,0.673
mongo,MongoDB,680,0.862
mongo,MongoDB,681,0.817
mongo,MongoDB,682,0.74
mongo,MongoDB,683,0.675
mongo,MongoDB,684,0.607
mongo,MongoDB,685,0.594
mongo,MongoDB,686,0.559
mongo,MongoDB,687,0.586
mongo,MongoDB,688,0.545
mongo,MongoDB,689,0.669
mongo,MongoDB,690,0.886
mongo,MongoDB,691,1.299
mongo,MongoDB,692,1.175
mongo,MongoDB,693,1.033
mongo,MongoDB,694,0.883
mongo,MongoDB,695,1.12
mongo,MongoDB,696,0.831
mongo,MongoDB,697,0.743
mongo,MongoDB,698,0.927
mongo,MongoDB,699,1.003
mongo,MongoDB,700,0.875
mongo,MongoDB,701,1.027
mongo,MongoDB,702,0.861
mongo,MongoDB,703,0.884
mongo,MongoDB,704,1.015
mongo,MongoDB,705,0.778
mongo,MongoDB,706,0.834
mongo,MongoDB,707,0.937
mongo,MongoDB,708,0.726
mongo,MongoDB,709,0.787
mongo,MongoDB,710,0.794
mongo,MongoDB,711,0.67
mongo,MongoDB,712,0.57
mongo,MongoDB,713,0.577
mongo,MongoDB,714,0.776
mongo,MongoDB,715,0.669
mongo,MongoDB,716,0.546
mongo,MongoDB,717,0.552
mongo,MongoDB,718,0.865
mongo,MongoDB,719,0.922
mongo,MongoDB,720,0.877
mongo,MongoDB,721,0.819
mongo,MongoDB,722,0.828
mongo,MongoDB,723,0.824
mongo,MongoDB,724,0.914
mongo,MongoDB,725,1.09
mongo,MongoDB,726,0.827
mongo,MongoDB,727,1.08
mongo,MongoDB,728,0.85
mongo,MongoDB,729,0.854
mongo,MongoDB,730,0.998
mongo,MongoDB,731,0.734
mongo,MongoDB,732,0.938
mongo,MongoDB,733,0.818
mongo,MongoDB,734,0.861
mongo,MongoDB,735,0.998
mongo,MongoDB,736,1.157
mongo,MongoDB,737,0.676
mongo,MongoDB,738,0.847
mongo,MongoDB,739,0.61
mongo,MongoDB,740,0.716
mongo,MongoDB,741,0.704
mongo,MongoDB,742,0.859
mongo,MongoDB,743,0.73
mongo,MongoDB,744,0.878
mongo,MongoDB,745,0.871
mongo,MongoDB,746,0.746
mongo,MongoDB,747,0.745
mongo,MongoDB,748,0.757
mongo,MongoDB,749,0.81
mongo,MongoDB,750,1.274
mongo,MongoDB,751,1.683
mongo,MongoDB,752,1.059
mongo,MongoDB,753,0.744
mongo,MongoDB,754,0.646
mongo,MongoDB,755,0.646
mongo,MongoDB,756,0.739
mongo,MongoDB,757,0.68
mongo,MongoDB,758,0.636
mongo,MongoDB,759,0.595
mongo,MongoDB,760,0.626
mongo,MongoDB,761,0.546
mongo,MongoDB,762,0.5
mongo,MongoDB,763,0.504
mongo,MongoDB,764,0.552
mongo,MongoDB,765,0.582
mongo,MongoDB,766,0.572
mongo,MongoDB,767,0.584
mongo,MongoDB,768,0.523
mongo,MongoDB,769,0.497
mongo,MongoDB,770,0.675
mongo,MongoDB,771,0.631
mongo,MongoDB,772,0.6
mongo,MongoDB,773,0.481
mongo,MongoDB,774,0.686
mongo,MongoDB,775,0.538
mongo,MongoDB,776,0.468
mongo,MongoDB,777,0.459
mongo,MongoDB,778,0.807
mongo,MongoDB,779,0.937
mongo,MongoDB,780,0.82
mongo,MongoDB,781,1.44
mongo,MongoDB,782,1.354
mongo,MongoDB,783,0.981
mongo,MongoDB,784,1.059
mongo,MongoDB,785,1.066
mongo,MongoDB,786,0.733
mongo,MongoDB,787,1.102
mongo,MongoDB,788,0.821
mongo,MongoDB,789,0.664
mongo,MongoDB,790,0.809
mongo,MongoDB,791,0.689
mongo,MongoDB,792,0.606
mongo,MongoDB,793,0.541
mongo,MongoDB,794,0.532
mongo,MongoDB,795,0.847
mongo,MongoDB,796,1.047
mongo,MongoDB,797,0.93
mongo,MongoDB,798,0.818
mongo,MongoDB,799,0.638
mongo,MongoDB,800,0.731
mongo,MongoDB,801,0.769
mongo,MongoDB,802,0.755
mongo,MongoDB,803,0.733
mongo,MongoDB,804,0.531
mongo,MongoDB,805,0.498
mongo,MongoDB,806,0.486
mongo,MongoDB,807,0.634
mongo,MongoDB,808,0.451
mongo,MongoDB,809,0.683
mongo,MongoDB,810,0.56
mongo,MongoDB,811,0.566
mongo,MongoDB,812,0.678
mongo,MongoDB,813,0.681
mongo,MongoDB,814,0.583
mongo,MongoDB,815,0.47
mongo,MongoDB,816,0.606
mongo,MongoDB,817,0.593
mongo,MongoDB,818,0.694
mongo,MongoDB,819,1.03
mongo,MongoDB,820,1.167
mongo,MongoDB,821,0.921
mongo,MongoDB,822,0.788
mongo,MongoDB,823,0.979
mongo,MongoDB,824,0.862
mongo,MongoDB,825,0.81
mongo,MongoDB,826,0.691
mongo,MongoDB,827,0.679
mongo,MongoDB,828,0.814
mongo,MongoDB,829,0.84
mongo,MongoDB,830,0.697
mongo,MongoDB,831,0.767
mongo,MongoDB,832,0.818
mongo,MongoDB,833,1.013
mongo,MongoDB,834,1.011
mongo,MongoDB,835,1.04
mongo,MongoDB,836,0.935
mongo,MongoDB,837,1.124
mongo,MongoDB,838,0.884
mongo,MongoDB,839,0.625
mongo,MongoDB,840,0.699
mongo,MongoDB,841,0.805
mongo,MongoDB,842,0.661
mongo,MongoDB,843,0.461
mongo,MongoDB,844,0.492
mongo,MongoDB,845,0.644
mongo,MongoDB,846,0.537
mongo,MongoDB,847,0.471
mongo,MongoDB,848,0.553
mongo,MongoDB,849,0.495
mongo,MongoDB,850,0.645
mongo,MongoDB,851,0.562
mongo,MongoDB,852,0.516
mongo,MongoDB,853,0.569
mongo,MongoDB,854,0.624
mongo,MongoDB,855,0.67
mongo,MongoDB,856,0.835
mongo,MongoDB,857,0.875
mongo,MongoDB,858,0.841
mongo,MongoDB,859,0.578
mongo,MongoDB,860,0.759
mongo,MongoDB,861,0.802
mongo,MongoDB,862,0.763
mongo,MongoDB,863,0.7
mongo,MongoDB,864,0.533
mongo,MongoDB,865,0.659
mongo,MongoDB,866,0.637
mongo,MongoDB,867,0.604
mongo,MongoDB,868,0.527
mongo,MongoDB,869,0.679
mongo,MongoDB,870,0.47
mongo,MongoDB,871,0.439
mongo,MongoDB,872,0.618
mongo,MongoDB,873,0.542
mongo,MongoDB,874,0.459
mongo,MongoDB,875,0.579
mongo,MongoDB,876,0.606
mongo,MongoDB,877,0.571
mongo,MongoDB,878,0.595
mongo,MongoDB,879,0.537
mongo,MongoDB,880,0.556
mongo,MongoDB,881,0.645
mongo,MongoDB,882,0.539
mongo,MongoDB,883,0.533
mongo,MongoDB,884,0.619
mongo,MongoDB,885,0.702
mongo,MongoDB,886,0.777
mongo,MongoDB,887,0.861
mongo,MongoDB,888,0.704
mongo,MongoDB,889,0.759
mongo,MongoDB,890,0.571
mongo,MongoDB,891,0.521
mongo,MongoDB,892,0.613
mongo,MongoDB,893,0.63
mongo,MongoDB,894,0.556
mongo,MongoDB,895,0.497
mongo,MongoDB,896,0.745
mongo,MongoDB,897,0.88
mongo,MongoDB,898,0.75
mongo,MongoDB,899,0.759
mongo,MongoDB,900,0.774
mongo,MongoDB,901,0.727
mongo,MongoDB,902,0.816
mongo,MongoDB,903,0.55
mongo,MongoDB,904,0.544
mongo,MongoDB,905,0.642
mongo,MongoDB,906,0.615
mongo,MongoDB,907,0.619
mongo,MongoDB,908,0.714
mongo,MongoDB,909,0.871
mongo,MongoDB,910,0.998
mongo,MongoDB,911,0.749
mongo,MongoDB,912,0.726
mongo,MongoDB,913,0.72
mongo,MongoDB,914,0.481
mongo,MongoDB,915,0.45
mongo,MongoDB,916,0.687
mongo,MongoDB,917,0.66
mongo,MongoDB,918,0.526
mongo,MongoDB,919,0.481
mongo,MongoDB,920,0.463
mongo,MongoDB,921,0.731
mongo,MongoDB,922,0.806
mongo,MongoDB,923,0.801
mongo,MongoDB,924,0.863
mongo,MongoDB,925,1.291
mongo,MongoDB,926,1.167
mongo,MongoDB,927,1.45
mongo,MongoDB,928,1.609
mongo,MongoDB,929,1.146
mongo,MongoDB,930,1.152
mongo,MongoDB,931,1.318
mongo,MongoDB,932,1.037
mongo,MongoDB,933,1.191
mongo,MongoDB,934,0.734
mongo,MongoDB,935,0.744
mongo,MongoDB,936,0.8
mongo,MongoDB,937,0.702
mongo,MongoDB,938,0.707
mongo,MongoDB,939,0.815
mongo,MongoDB,940,0.961
mongo,MongoDB,941,0.828
mongo,MongoDB,942,0.667
mongo,MongoDB,943,0.989
mongo,MongoDB,944,1.128
mongo,MongoDB,945,1.141
mongo,MongoDB,946,0.755
mongo,MongoDB,947,0.82
mongo,MongoDB,948,0.608
mongo,MongoDB,949,0.733
mongo,MongoDB,950,0.553
mongo,MongoDB,951,0.543
mongo,MongoDB,952,0.586
mongo,MongoDB,953,0.752
mongo,MongoDB,954,0.553
mongo,MongoDB,955,0.525
mongo,MongoDB,956,0.535
mongo,MongoDB,957,0.732
mongo,MongoDB,958,0.501
mongo,MongoDB,959,0.526
mongo,MongoDB,960,0.46
mongo,MongoDB,961,0.715
mongo,MongoDB,962,0.479
mongo,MongoDB,963,0.525
mongo,MongoDB,964,0.531
mongo,MongoDB,965,0.536
mongo,MongoDB,966,0.496
mongo,MongoDB,967,0.548
mongo,MongoDB,968,0.531
mongo,MongoDB,969,0.76
mongo,MongoDB,970,1.039
mongo,MongoDB,971,0.766
mongo,MongoDB,972,0.571
mongo,MongoDB,973,0.549
mongo,MongoDB,974,0.484
mongo,MongoDB,975,0.633
mongo,MongoDB,976,0.544
mongo,MongoDB,977,0.639
mongo,MongoDB,978,0.899
mongo,MongoDB,979,0.968
mongo,MongoDB,980,0.782
mongo,MongoDB,981,0.703
mongo,MongoDB,982,0.675
mongo,MongoDB,983,0.559
mongo,MongoDB,984,0.538
mongo,MongoDB,985,0.734
mongo,MongoDB,986,0.525
mongo,MongoDB,987,0.501
mongo,MongoDB,988,0.552
mongo,MongoDB,989,0.52
mongo,MongoDB,990,0.683
mongo,MongoDB,991,0.572
mongo,MongoDB,992,0.777
mongo,MongoDB,993,0.853
mongo,MongoDB,994,0.696
mongo,MongoDB,995,0.53
mongo,MongoDB,996,0.658
mongo,MongoDB,997,0.848
mongo,MongoDB,998,0.561
mongo,MongoDB,999,0.521
mongo,MongoDB,1000,0.61
